,open_time,open,high,low,close,volume,close_time,quote_volume,count,taker_buy_volume,taker_buy_quote_volume,prep_normal_return,Z_prep_30d_return,prep_log_return,Z_prep30d_logreturn,prep_7d_rolling_mean,prep_7d_rolling_volatility,z_prep_7d,prep_30d_rolling_mean,prep_30d_rolling_volatility,z_prep_30d,intraday,z_intraday_30,z_prep_volume,prep_volume_change_%,z_prep_30d_volume_change,z_prep_7d_volume_change,taker_sell_volume,buy_share,sell_share,OFI,z_prep_OFI,prep_average_trade_volume_inU,prep_average_trade_volume_inbtc,z_prep_30d_average_trade_inU
0,2025-05-01,94125.2,97388.0,94086.7,96423.3,184526.755,2025-05-01 23:59:59.999,17724494702.1216,2825368,96525.42,9270272677.558,,,,,,,,,,,0.03423757535782329,,,,,,88001.335,0.5230971519550105,0.4769028480449895,0.046194303910020995,,6273.340216963455,0.06531069757992587,
1,2025-05-01,94125.2,97388.0,94086.7,96423.3,184526.755,2025-05-01 23:59:59.999,17724494702.1216,2825368,96525.42,9270272677.558,0.0,,0.0,,,,,,,,0.03423757535782329,,,0.0,,,88001.335,0.5230971519550105,0.4769028480449895,0.046194303910020995,,6273.340216963455,0.06531069757992587,
2,2025-05-02,96423.2,97865.4,96283.1,96831.2,139197.526,2025-05-02 23:59:59.999,13503167893.5523,2240247,68734.402,6668888338.8506,0.4230305330765516,,0.00422138274383033,,,,,,,,0.016340807508323642,,,-24.56512552881559,,,70463.12400000001,0.4937903996943164,0.5062096003056836,-0.012419200611367254,,6027.53530907632,0.06213490119616275,
3,2025-05-02,96423.2,97865.4,96283.1,96831.2,139197.526,2025-05-02 23:59:59.999,13503167893.5523,2240247,68734.402,6668888338.8506,0.0,,0.0,,,,,,,,0.016340807508323642,,,0.0,,,70463.12400000001,0.4937903996943164,0.5062096003056836,-0.012419200611367254,,6027.53530907632,0.06213490119616275,
4,2025-05-03,96831.2,96868.4,95700.0,95803.3,71420.629,2025-05-03 23:59:59.999,6871382895.5311,1207124,34360.578,3306264200.8317,-1.0615380166723032,,-0.010672125252472818,,,,,,,,0.012195822064584354,,,-48.69116495648063,,,37060.051,0.4811015876099327,0.5188984123900673,-0.037796824780134575,,5692.358776340377,0.05916594235554922,
5,2025-05-03,96831.2,96868.4,95700.0,95803.3,71420.629,2025-05-03 23:59:59.999,6871382895.5311,1207124,34360.578,3306264200.8317,0.0,,0.0,,,,,,,,0.012195822064584354,,,0.0,,,37060.051,0.4811015876099327,0.5188984123900673,-0.037796824780134575,,5692.358776340377,0.05916594235554922,
6,2025-05-04,95803.3,96266.6,94116.4,94230.2,94260.877,2025-05-04 23:59:59.999,8988011491.011,1550180,46059.52,4393531982.4587,-1.6420102439060114,,-0.016556406464912358,,96049.40000000001,,-2.0063938502364427,,,,0.022818586822483788,,,31.979903173353442,,,48201.356999999996,0.4886387806470334,0.5113612193529666,-0.022722438705933157,,5798.043769762866,0.06080640764298339,
7,2025-05-04,95803.3,96266.6,94116.4,94230.2,94260.877,2025-05-04 23:59:59.999,8988011491.011,1550180,46059.52,4393531982.4587,0.0,,0.0,,95736.09999999999,0.7370040209796193,-1.3545946401204678,,,,0.022818586822483788,,,0.0,,0.23575200898290494,48201.356999999996,0.4886387806470334,0.5113612193529666,-0.022722438705933157,,5798.043769762866,0.06080640764298339,
8,2025-05-05,94230.2,95165.1,93445.1,94696.7,154902.375,2025-05-05 23:59:59.999,14600852881.6568,2364149,78619.623,7411253704.9874,0.49506421508178633,,0.004938428017247762,,95489.44285714286,0.7949525866559908,-0.7044880859168375,,,,0.018163251728940923,,,64.33368745338537,,1.6654238498022007,76282.752,0.5075430444497704,0.4924569555502296,0.015086088899540773,,6175.944444134781,0.06552140960658571,
9,2025-05-05,94230.2,95165.1,93445.1,94696.7,154902.375,2025-05-05 23:59:59.999,14600852881.6568,2364149,78619.623,7411253704.9874,0.0,,0.0,,95184.51428571428,0.7495973915201322,-0.4972383111682694,,,,0.018163251728940923,,,0.0,,-0.1962773564456552,76282.752,0.5075430444497704,0.4924569555502296,0.015086088899540773,,6175.944444134781,0.06552140960658571,
10,2025-05-06,94696.7,96879.5,93327.0,96798.9,173683.066,2025-05-06 23:59:59.999,16444015298.9578,2556838,87234.117,8263124302.7006,2.2199295223592763,,0.02195647788163498,,95179.90000000001,1.224487481159315,1.6655590045273692,,,,0.036699797208439355,,,12.124211136207563,,0.1038256278504172,86448.949,0.502260347016214,0.497739652983786,0.004520694032428052,,6431.387244306366,0.06792885040037734,
11,2025-05-06,94696.7,96879.5,93327.0,96798.9,173683.066,2025-05-06 23:59:59.999,16444015298.9578,2556838,87234.117,8263124302.7006,0.0,,0.0,,95322.12857142856,1.1332036291955765,1.2985337691451413,,,,0.036699797208439355,,,0.0,,-0.6299151614091716,86448.949,0.502260347016214,0.497739652983786,0.004520694032428052,,6431.387244306366,0.06792885040037734,
12,2025-05-07,96798.9,97700.0,95718.5,96988.4,185267.142,2025-05-07 23:59:59.999,17927424779.6889,2739288,92439.664,8946083419.8699,0.1957666874313757,,0.0019557531417452316,,95491.42857142857,1.131204144204796,1.1535393083585177,,,,0.02043027826008059,,,6.66966346621265,,-0.4070135915774157,92827.47799999999,0.4989533654057232,0.5010466345942768,-0.0020932691885535704,,6544.5563882618035,0.06763332004520882,
13,2025-05-07,96798.9,97700.0,95718.5,96988.4,185267.142,2025-05-07 23:59:59.999,17927424779.6889,2739288,92439.664,8946083419.8699,0.0,,0.0,,95885.45714285714,0.8166128585202999,0.8688862048530217,,,,0.02043027826008059,,,0.0,,-0.5030900584093525,92827.47799999999,0.4989533654057232,0.5010466345942768,-0.0020932691885535704,,6544.5563882618035,0.06763332004520882,
14,2025-05-08,96988.4,104305.3,96831.5,103228.1,317422.469,2025-05-08 23:59:59.999,31823810370.5613,4445990,167054.489,16750638859.9604,6.433449773374966,,0.06234971908249273,,97170.87142857142,2.3849287174990548,2.1136358846099923,,,,0.07240082884408415,,,71.33230726903533,,1.5566066346041343,150367.97999999998,0.5262843853690774,0.4737156146309226,0.0525687707381548,,7157.868184715057,0.07139522783452054,
15,2025-05-08,96988.4,104305.3,96831.5,103228.1,317422.469,2025-05-08 23:59:59.999,31823810370.5613,4445990,167054.489,16750638859.9604,0.0,,0.0,,98389.64285714286,2.4210506821638,1.4221834494149048,,,,0.07240082884408415,,,0.0,,-0.491373970865502,150367.97999999998,0.5262843853690774,0.4737156146309226,0.0525687707381548,,7157.868184715057,0.07139522783452054,
16,2025-05-09,103228.0,104373.0,102240.0,102941.9,172883.922,2025-05-09 23:59:59.999,17811570329.7221,3180781,84963.515,8754550700.1199,-0.2772500898495789,,-0.0027763513977670904,,99567.52857142857,2.447304093755989,1.0111465084543283,,,,0.02072042579357871,,,-45.535071116846495,,-1.5121767432190798,87920.40699999999,0.4914483314417173,0.5085516685582827,-0.01710333711656542,,5599.747461306547,0.054352664329924,
17,2025-05-09,103228.0,104373.0,102240.0,102941.9,172883.922,2025-05-09 23:59:59.999,17811570329.7221,3180781,84963.515,8754550700.1199,0.0,,0.0,,100445.1,2.4406468726139434,0.7577054807306569,,,,0.02072042579357871,,,0.0,,-0.1352540291467787,87920.40699999999,0.4914483314417173,0.5085516685582827,-0.01710333711656542,,5599.747461306547,0.054352664329924,
18,2025-05-10,102941.9,105000.1,102784.0,104788.8,104384.537,2025-05-10 23:59:59.999,10820371034.8627,1979353,53276.115,5524151294.8332,1.7941188184791734,,0.017782144538832513,,101586.51428571428,2.4236169831059136,0.9993838635566558,,,,0.02114825248499845,,,-39.62160518315867,,-1.0096891024696202,51108.422,0.5103832093445028,0.48961679065549724,0.020766418689005528,,5466.620170764234,0.052736695778873195,
19,2025-05-10,102941.9,105000.1,102784.0,104788.8,104384.537,2025-05-10 23:59:59.999,10820371034.8627,1979353,53276.115,5524151294.8332,0.0,,0.0,,102700.85714285714,2.4377364464193487,0.7889489362049805,,,,0.02114825248499845,,,0.0,,0.0518508304887548,51108.422,0.5103832093445028,0.48961679065549724,0.020766418689005528,,5466.620170764234,0.052736695778873195,
20,2025-05-11,104788.8,104950.0,103283.3,104072.7,139136.421,2025-05-11 23:59:59.999,14486322662.4281,2552705,67115.638,6988278773.1364,-0.6833745591131923,,-0.0068572025575754465,,103712.9,2.5035953802811948,0.435069275806015,,,,0.01601476660065509,,,33.292176215716715,,0.7554990067986401,72020.783,0.48237289357902924,0.5176271064209708,-0.035254212841941523,,5674.891012642706,0.05450548379072396,
21,2025-05-11,104788.8,104950.0,103283.3,104072.7,139136.421,2025-05-11 23:59:59.999,14486322662.4281,2552705,67115.638,6988278773.1364,0.0,,0.0,,103833.55714285714,0.7813968355829981,0.2967709254957049,,,,0.01601476660065509,,,0.0,,0.27462235917108446,72020.783,0.48237289357902924,0.5176271064209708,-0.035254212841941523,,5674.891012642706,0.05450548379072396,
22,2025-05-12,104072.7,105863.1,100678.0,102739.3,256542.699,2025-05-12 23:59:59.999,26551603069.1406,4171603,125366.635,12980428383.5514,-1.281219762723551,,-0.0128949816885823,,103763.72857142857,0.9465391283417468,-1.158362856615328,,,,0.0504685159427795,,,84.38213169217568,,1.8040658861330003,131176.064,0.4886774618364797,0.5113225381635202,-0.022645076327040603,,6364.844178398711,0.0614973905714422,
23,2025-05-12,104072.7,105863.1,100678.0,102739.3,256542.699,2025-05-12 23:59:59.999,26551603069.1406,4171603,125366.635,12980428383.5514,0.0,,0.0,,103734.78571428571,0.9419160882346174,-1.0839171912534253,,,,0.0504685159427795,,,0.0,,-0.2890559724248066,131176.064,0.4886774618364797,0.5113225381635202,-0.022645076327040603,,6364.844178398711,0.0614973905714422,
24,2025-05-13,102739.3,104949.2,101400.0,104082.0,162368.328,2025-05-13 23:59:59.999,16783134050.1225,3009395,80743.479,8346771098.0106,1.3069000859456947,,0.012984338306580358,,103897.65714285713,1.0685567083176462,0.21607502641822374,,,,0.03410003650967504,,,-36.709043510920566,,-0.9997440335564478,81624.849,0.49728589309609694,0.5027141069039031,-0.005428213807806115,,5576.912984211943,0.05395381064964885,
25,2025-05-13,102739.3,104949.2,101400.0,104082.0,162368.328,2025-05-13 23:59:59.999,16783134050.1225,3009395,80743.479,8346771098.0106,0.0,,0.0,,103796.68571428572,0.7910665978472711,0.3716788245199464,,,,0.03410003650967504,,,0.0,,-0.3048069432028623,81624.849,0.49728589309609694,0.5027141069039031,-0.005428213807806115,,5576.912984211943,0.05395381064964885,
26,2025-05-14,104082.0,104319.0,102536.0,103458.1,126264.097,2025-05-14 23:59:59.999,13068576865.3795,2289025,61671.893,6383482493.223,-0.5994312176937355,,-0.006012350185935852,,103606.58571428571,0.8113840176005511,-0.23414423829863393,,,,0.017234030008283545,,,-22.236005903811495,,-0.7665273260134579,64592.204,0.4884357031437052,0.5115642968562948,-0.023128593712589574,,5709.232911558196,0.05516064568975874,
27,2025-05-14,104082.0,104319.0,102536.0,103458.1,126264.097,2025-05-14 23:59:59.999,13068576865.3795,2289025,61671.893,6383482493.223,0.0,,0.0,,103518.78571428571,0.7812172706985254,-0.10105393211631791,,,,0.017234030008283545,,,0.0,,-0.09451167185234871,64592.204,0.4884357031437052,0.5115642968562948,-0.023128593712589574,,5709.232911558196,0.05516064568975874,
28,2025-05-15,103458.1,104162.8,101270.8,103714.5,176344.106,2025-05-15 23:59:59.999,18109801387.1545,3256600,87513.73,8988229367.1175,0.24782979776354352,,0.002475232061659929,,103467.6142857143,0.7911041198980435,0.44141233959469534,,,,0.02788423990859523,,,39.66290512496202,,0.7463510749818788,88830.376,0.49626682731318505,0.503733172686815,-0.00746634537362989,,5560.953567264785,0.05414975925812197,
29,2025-05-15,103458.1,104162.8,101270.8,103714.5,176344.106,2025-05-15 23:59:59.999,18109801387.1545,3256600,87513.73,8988229367.1175,0.0,,0.0,,103606.92857142857,0.5771127036719347,0.23366620536283444,100053.15999999999,,0.9199989905323418,0.02788423990859523,-0.011044114585819659,0.2056518379716427,0.0,,0.11636769077218558,88830.376,0.49626682731318505,0.503733172686815,-0.00746634537362989,-0.16355458572920908,5560.953567264785,0.05414975925812197,-0.9415815096139619
30,2025-05-16,103714.2,104524.2,103062.3,103412.2,115513.049,2025-05-16 23:59:59.999,11990203384.412,2303834,57430.06,5961446585.3613,-0.29147322698369615,-0.3828249162553867,-0.002918988374221168,-0.38495085374154026,103703.05714285714,0.5987110933215405,-1.0156520355961292,100286.12333333334,1.3952408743245093,0.788529424178712,0.014136629914071977,-0.8380109092939416,-0.7559324792336506,-34.49565646384575,-1.175425243432415,-1.0144142622262078,58082.989,0.4971737868333819,0.5028262131666181,-0.005652426333236149,-0.03205544612989493,5204.456303888214,0.05013948444202143,-1.5610897854456651
31,2025-05-16,103714.2,104524.2,103062.3,103412.2,115513.049,2025-05-16 23:59:59.999,11990203384.412,2303834,57430.06,5961446585.3613,0.0,-0.17391960653615293,0.0,-0.17097978717310022,103607.37142857142,0.27282967155839627,-0.787035917259229,100519.08666666667,1.3952408743245093,0.7352529734786688,0.014136629914071977,-0.7893902461555958,-0.7134549713925137,0.0,-0.0958907108525027,0.10532395072802016,58082.989,0.4971737868333819,0.5028262131666181,-0.005652426333236149,0.0407239828259118,5204.456303888214,0.05013948444202143,-1.4420413519278723
32,2025-05-17,103412.2,103658.0,102541.6,103079.6,90372.669,2025-05-17 23:59:59.999,9316018419.6171,1899774,44461.16,4583342965.4596,-0.32162549486423053,-0.3857328820621828,-0.0032214382133740555,-0.38802215754719843,103464.17142857143,0.28171720864890754,-1.7843676779186255,100727.36666666667,1.398541312495407,0.6034285030141033,0.010830464999864125,-0.9758444634805303,-1.0757073986629877,-21.764103897906807,-0.7818615471383943,-0.6699200616195898,45911.50899999999,0.4919757321762845,0.5080242678237155,-0.016048535647431028,-0.40746207914329746,4903.750877534433,0.04757022098418022,-1.842058550234768
33,2025-05-17,103412.2,103658.0,102541.6,103079.6,90372.669,2025-05-17 23:59:59.999,9316018419.6171,1899774,44461.16,4583342965.4596,0.0,-0.1557607732723777,0.0,-0.15243497958616528,103410.1,0.19611179274657325,-1.2703835181858207,100935.64666666667,1.398541312495407,0.5569600502955212,0.010830464999864125,-0.9554585464594635,-1.0312007839149047,0.0,-0.0990591415514685,0.10270780005013837,45911.50899999999,0.4919757321762845,0.5080242678237155,-0.016048535647431028,-0.40147306096568547,4903.750877534433,0.04757022098418022,-1.6824034021389516
34,2025-05-18,103079.5,106629.8,103052.2,106407.6,173224.284,2025-05-18 23:59:59.999,18124062039.3125,3286266,89890.052,9409858684.5056,3.228572869898594,1.9374391751253923,0.031775497632618,1.9526513287235292,103831.45714285715,1.258457147000916,2.2109215242450895,101289.12333333334,1.480165846861392,1.329914687169208,0.033621658603332896,0.4080972997408719,0.2233062940414521,91.67773389541038,2.4502337007342474,1.904858197143918,83334.23200000002,0.5189229242246427,0.4810770757753573,0.0378458484492854,1.786298927109575,5515.0928255084955,0.05271158329849136,-0.590697540927151
35,2025-05-18,103079.5,106629.8,103052.2,106407.6,173224.284,2025-05-18 23:59:59.999,18124062039.3125,3286266,89890.052,9409858684.5056,0.0,-0.2437845551374021,0.0,-0.24165118126492932,104216.1857142857,1.2672041931669893,1.4485110099142582,101642.6,1.480165846861392,1.2492366488146975,0.033621658603332896,0.36843993787476864,0.17468136703063072,0.0,-0.22901736683794616,-0.12462927919440253,83334.23200000002,0.5189229242246427,0.4810770757753573,0.0378458484492854,1.6558090580740528,5515.0928255084955,0.05271158329849136,-0.5776640029972417
36,2025-05-19,106407.5,107114.3,102038.8,105531.6,257825.604,2025-05-19 23:59:59.999,26840364600.388,4455918,126416.817,13162993464.0348,-0.8232494671433277,-0.8359052681847919,-0.00826656879457859,-0.8504062723028532,104475.77142857145,1.3435621197991905,0.673636138009518,102019.31333333334,1.4491870211234266,0.9730400923887967,0.04809459915323941,1.1980908651619588,1.481288291721407,48.83918007708432,1.1633618332384597,0.8428463776591771,131408.787,0.49031909569384735,0.5096809043061526,-0.019361808612305298,-0.7420408994081631,6023.531986088613,0.05786138883166162,0.2973676452982801
37,2025-05-19,106407.5,107114.3,102038.8,105531.6,257825.604,2025-05-19 23:59:59.999,26840364600.388,4455918,126416.817,13162993464.0348,0.0,-0.2678285084956697,0.0,-0.2666319697827196,104778.54285714286,1.328194809390481,0.4915620108886092,102396.02666666666,1.4491870211234266,0.9362749004816755,0.04809459915323941,1.1227426068479083,1.3804154801122404,0.0,-0.24159776091956847,-0.4320865041177626,131408.787,0.49031909569384735,0.5096809043061526,-0.019361808612305298,-0.7497153363241428,6023.531986088613,0.05786138883166162,0.28388846054341427
38,2025-05-20,105531.5,107292.5,104115.2,106800.1,226187.246,2025-05-20 23:59:59.999,23924084086.0768,3940207,116062.335,12276681726.7015,1.2020096350287446,0.5425301246508152,0.011948428721748986,0.557598567506872,105262.52857142859,1.3606018803291517,0.9836020143317817,102799.47333333333,1.4567139286635407,1.2863794051799347,0.029749972144220864,-0.006042317785839247,0.81361726027449,-12.271224234192035,-0.5441254396762466,-0.6802133643422186,110124.91100000001,0.5131250194363302,0.48687498056366985,0.02625003887266031,1.138486483581548,6071.783560121791,0.05740491451337455,0.37512549904426806
39,2025-05-20,105531.5,107292.5,104115.2,106800.1,226187.246,2025-05-20 23:59:59.999,23924084086.0768,3940207,116062.335,12276681726.7015,0.0,-0.2826213422068718,0.0,-0.2815925878342161,105794.02857142859,1.3346204714949657,0.7684952027618935,103202.92,1.4567139286635407,1.2886921782592475,0.029749972144220864,-0.029779934079964262,0.7684297686203192,0.0,-0.1755544450376885,-0.48416816093502096,110124.91100000001,0.5131250194363302,0.48687498056366985,0.02625003887266031,1.1072548074503186,6071.783560121791,0.05740491451337455,0.38232250841791393
40,2025-05-21,106800.0,110830.0,106037.9,109609.5,413589.854,2025-05-21 23:59:59.999,44576303267.8202,6189752,209506.079,22586385067.0068,2.6305218815338094,1.4939053882483633,0.02596518673439483,1.5123046003468104,106726.87142857142,1.5224544012159191,2.0929785723992524,103629.94,1.4760888080178634,2.1684317605583048,0.04371975056906569,0.8052830726714216,3.0103773145813078,82.8528625349636,2.065764733002907,1.2068560629367902,204083.775,0.5065551704757245,0.4934448295242755,0.013110340951449029,0.5553851984615742,7201.629930863175,0.0668184854578988,2.156883178918922
41,2025-05-21,106800.0,110830.0,106037.9,109609.5,413589.854,2025-05-21 23:59:59.999,44576303267.8202,6189752,209506.079,22586385067.0068,0.0,-0.2881837836532608,0.0,-0.28711069182896976,107184.28571428571,1.1364073199448341,1.395380481788282,104056.95999999999,1.4760888080178634,2.0927942509167035,0.04371975056906569,0.7843418400780408,2.547423258639556,0.0,-0.22698524395089212,-0.48699771123967717,204083.775,0.5065551704757245,0.4934448295242755,0.013110340951449029,0.5412858772686638,7201.629930863175,0.0668184854578988,1.9890581466866533
42,2025-05-22,109609.6,111959.5,109153.4,111662.7,246067.033,2025-05-22 23:59:59.999,27295716075.3018,4612376,124614.99,13824511909.0629,1.8731952978528366,0.9287428290153108,0.018558670548323074,0.9456137784173246,107935.0142857143,1.2346092965969726,1.5744779600617278,104546.10333333333,1.4986884524445916,2.6776799307467227,0.025130146414156257,-0.34693190314711964,0.5728601788805967,-40.50457702959028,-1.2665101901624176,-1.2588123564192957,121452.04299999999,0.5064270027590408,0.49357299724095915,0.01285400551808169,0.5083892263600368,5917.9295173034025,0.053349300447318254,0.05269922036673613
43,2025-05-22,109609.6,111959.5,109153.4,111662.7,246067.033,2025-05-22 23:59:59.999,27295716075.3018,4612376,124614.99,13824511909.0629,0.0,-0.32114689609557967,0.0,-0.32036256475433,108810.8857142857,1.0971609858224547,1.1581281333852944,105035.24666666666,1.4986884524445916,2.58112049380199,0.025130146414156257,-0.35815715097833106,0.5466589051037751,0.0,-0.1781502241202212,-0.11397926774784614,121452.04299999999,0.5064270027590408,0.49357299724095915,0.01285400551808169,0.48629751989730147,5917.9295173034025,0.053349300447318254,0.08695836616806586
44,2025-05-23,111662.6,111770.4,106721.9,107271.5,279480.347,2025-05-23 23:59:59.999,30543709259.4438,4943362,136446.687,14911670323.1349,-3.9325576042850474,-3.244091473446281,-0.040119716220033325,-3.2991327088347124,109059.44285714286,2.1169624927519743,-0.8341614098245358,105170.02666666666,1.2540716570561736,0.8159020972443389,0.047062826566236136,1.1407301064175595,0.9624416580520063,13.578947814598141,0.25215541957627313,0.19430070528274931,143033.66,0.4882156776483464,0.5117843223516536,-0.023568644703307218,-0.937207219055383,6178.73205713921,0.056536492168690056,0.5974464511503031
45,2025-05-23,111662.6,111770.4,106721.9,107271.5,279480.347,2025-05-23 23:59:59.999,30543709259.4438,4943362,136446.687,14911670323.1349,0.0,-0.10825981489784456,0.0,-0.10205924666231564,109126.78571428571,2.075528526313891,-0.8977413389576497,105304.80666666666,1.2540716570561736,0.7633747833598638,0.047062826566236136,1.3730086398017984,0.9955966558111828,0.0,-0.13369178081247826,-0.21555810561150393,143033.66,0.4882156776483464,0.5117843223516536,-0.023568644703307218,-0.9091966780434024,6178.73205713921,0.056536492168690056,0.7172193633885469
46,2025-05-24,107271.6,109440.2,106836.0,107698.9,165158.758,2025-05-24 23:59:59.999,17895241893.0697,2838855,79136.43,8574692907.3595,0.3984282871032807,0.19173403223762592,0.003976366636080819,0.19710503744700053,109255.18571428572,2.0783791888222574,-0.8102546980560945,105463.37333333332,1.252464709963606,0.8690918612820631,0.02418037695835331,-0.4094624909827483,-0.3645744780424146,-40.90505476580076,-1.308520753952539,-1.0375214786608709,86022.32800000001,0.4791537001022979,0.5208462998977021,-0.041692599795404184,-1.6512908939873183,6303.682961288864,0.058177947799376864,0.8974919812155242
47,2025-05-24,107271.6,109440.2,106836.0,107698.9,165158.758,2025-05-24 23:59:59.999,17895241893.0697,2838855,79136.43,8574692907.3595,0.0,-0.12638134772773713,0.0,-0.12013734354058253,108982.24285714285,1.7672254513489511,-0.6428729487026261,105621.94,1.252464709963606,0.8119331287965386,0.02418037695835331,-0.42058292510156486,-0.36114288604520256,0.0,-0.1389396163267471,0.44532008355769404,86022.32800000001,0.4791537001022979,0.5208462998977021,-0.041692599795404184,-1.551501920894277,6303.682961288864,0.058177947799376864,0.8454365173794762
48,2025-05-25,107699.0,109285.1,106497.0,108955.9,159465.803,2025-05-25 23:59:59.999,17159184232.0091,2938731,76863.251,8270758952.8013,1.1671428398990047,0.8377138492767155,0.011603842651704884,0.8372992548686302,108888.87142857142,1.8466187399856833,0.033900271338774636,105760.84333333334,1.2292429712693336,1.2178405669432126,0.02558925216532566,-0.32388600264811146,-0.45880001167612827,-3.4469591978888547,-0.27978645672184593,0.3126721877965466,82602.55200000001,0.48200460257927524,0.5179953974207248,-0.035990794841449514,-1.218606689022401,5838.977515127822,0.05426349094217879,-0.03415258763770427
49,2025-05-25,107699.0,109285.1,106497.0,108955.9,159465.803,2025-05-25 23:59:59.999,17159184232.0091,2938731,76863.251,8270758952.8013,0.0,-0.11176714608240097,0.0,-0.10562790176729293,108502.1857142857,1.6424373058582251,0.2896677368424455,105899.74666666666,1.2292429712693336,1.140351890012725,0.02558925216532566,-0.33758883325813643,-0.4901959003006672,0.0,-0.17839816373983752,0.25858155401703886,82602.55200000001,0.48200460257927524,0.5179953974207248,-0.035990794841449514,-1.1416558113173148,5838.977515127822,0.05426349094217879,-0.057770146210277644
50,2025-05-26,108956.0,110400.0,108616.6,109386.8,146992.22,2025-05-26 23:59:59.999,16103265896.3352,2776585,73695.689,8074191754.9952,0.3954811074939668,0.18205149159880815,0.003947011367104669,0.18719744754161047,108177.05714285714,1.6626845866704947,1.3562108181695944,106076.88333333333,1.2201508004630095,1.2123198697684394,0.016303612501691194,-1.0742185861803544,-0.6489414518679792,-7.8221052823469694,-0.37153245610447655,-0.1364303058753704,73296.531,0.5013577521313712,0.49864224786862876,0.002715504262742474,0.49583972366636114,5799.666099303713,0.052939931606631886,-0.1396369635935285
51,2025-05-26,108956.0,110400.0,108616.6,109386.8,146992.22,2025-05-26 23:59:59.999,16103265896.3352,2776585,73695.689,8074191754.9952,0.0,-0.1420732865383647,0.0,-0.1358775421023979,108479.24285714285,0.4335864784152568,1.0169878677322626,106254.02,1.2201508004630095,1.131846579096416,0.016303612501691194,-1.0759036400438806,-0.6537160135854813,0.0,-0.13935010909642595,0.4955376362552886,73296.531,0.5013577521313712,0.49864224786862876,0.002715504262742474,0.44961651508486644,5799.666099303713,0.052939931606631886,-0.14777073373304433
52,2025-05-27,109386.8,110700.0,107438.0,108889.3,223599.905,2025-05-27 23:59:59.999,24452829099.8677,4065296,109504.224,11977737990.2288,-0.45480807556305125,-0.5485914331032806,-0.004558454741344033,-0.5428658411194996,108710.35714285714,0.5099204171893318,0.2483942617460885,106459.02,1.1952537471952907,0.8915226706193573,0.029957029754071336,0.0639230851813804,0.3124109125430634,52.11682972064779,1.5395216976205346,1.9113267637703557,114095.681,0.48973287354482553,0.5102671264551745,-0.020534252910348938,-0.6076660272697171,6015.018119189279,0.05500212161672852,0.2839335364897954
53,2025-05-27,109386.8,110700.0,107438.0,108889.3,223599.905,2025-05-27 23:59:59.999,24452829099.8677,4065296,109504.224,11977737990.2288,0.0,-0.16807969939796819,0.0,-0.1619401177288777,108880.41428571427,0.5082905688277618,0.0157063052433587,106664.02,1.1952537471952907,0.8343055279546113,0.029957029754071336,0.12827858153619223,0.3285883068394244,0.0,-0.11488626794539232,-0.2830100759294812,114095.681,0.48973287354482553,0.5102671264551745,-0.020534252910348938,-0.6121892243348049,6015.018119189279,0.05500212161672852,0.31075460633088076
54,2025-05-28,108889.2,109252.6,106723.9,107723.1,158417.759,2025-05-28 23:59:59.999,17119395349.8769,3009662,77490.091,8375382654.4362,-1.070995956443832,-0.9953340464019559,-0.01076772398801681,-0.9931196851636264,108883.87142857144,0.6918955565592632,-2.0827366464133905,106785.38999999998,1.1982214914429796,0.3567827829848499,0.023474073805896892,-0.4141942838417074,-0.48988412875164644,-29.151240471233653,-1.058511562363439,-1.2549189896528892,80927.66799999999,0.4891502789153835,0.5108497210846166,-0.02169944216923303,-0.6359402743533141,5688.145496031415,0.05263639538260442,-0.3313293000801604
55,2025-05-28,108889.2,109252.6,106723.9,107723.1,158417.759,2025-05-28 23:59:59.999,17119395349.8769,3009662,77490.091,8375382654.4362,0.0,-0.10151269192594316,0.0,-0.09554230331279416,108707.75714285715,0.4704199314803747,-1.3951248849137365,106906.76,1.1982214914429796,0.3160714046015075,0.023474073805896892,-0.3837295666852656,-0.4878398973723205,0.0,-0.1240844326446588,-0.08838756905984888,80927.66799999999,0.4891502789153835,0.5108497210846166,-0.02169944216923303,-0.6075174760491716,5688.145496031415,0.05263639538260442,-0.33966710622754387
56,2025-05-29,107723.1,108860.0,105054.2,105539.9,213101.255,2025-05-29 23:59:59.999,22850297579.7762,3867631,103190.568,11066419508.3205,-2.0266776578097057,-1.674114480869017,-0.020474965374439182,-1.681590408480402,108219.75714285715,0.8360525137126101,-1.9531431369498191,106976.15333333332,1.2548350125386463,-0.5713092872379885,0.036060295679643466,0.6827043615520073,0.16533132066056463,34.518539048390416,0.9193024946394798,1.0051475979019406,109910.687,0.48423256822208766,0.5157674317779124,-0.03153486355582469,-1.024875133308422,5908.086262566465,0.055098652120639226,0.07679203338321135
57,2025-05-29,107723.1,108860.0,105054.2,105539.9,213101.255,2025-05-29 23:59:59.999,22850297579.7762,3867631,103190.568,11066419508.3205,0.0,-0.05901955798385521,0.0,-0.052826865546762046,107670.19999999998,0.7808574227272769,-1.3472716007182992,107045.54666666668,1.2548350125386463,-0.6167677791059748,0.036060295679643466,0.6335070780302076,0.13048236066506608,0.0,-0.1842356687183825,-0.3072758684810673,109910.687,0.48423256822208766,0.5157674317779124,-0.03153486355582469,-1.001775651086304,5908.086262566465,0.055098652120639226,0.06394171564510852
58,2025-05-30,105539.9,106266.0,103555.0,103950.0,219701.302,2025-05-30 23:59:59.999,23083176001.5792,4162110,106922.492,11234606621.3492,-1.5064444821342393,-1.1826883406037896,-0.015179066164997111,-1.183241513676798,106893.5142857143,0.8240727285560178,-1.5488045934769397,107053.39666666668,1.2869227067969393,-1.276874592305088,0.02607984607984608,-0.2630821268979914,0.1975024087734646,3.0971413096558154,-0.04725427200252104,-0.2089854851796435,112778.81,0.48667209081901575,0.5133279091809843,-0.02665581836196851,-0.7518191996877172,5546.0273759173115,0.05278603929257036,-0.6435766921734608
59,2025-05-30,105539.9,106266.0,103555.0,103950.0,219701.302,2025-05-30 23:59:59.999,23083176001.5792,4162110,106922.492,11234606621.3492,0.0,-0.012109506165725913,0.0,-0.0058641921201329425,106187.90000000001,0.8655978400651911,-1.146324353910295,107061.24666666667,1.2869227067969393,-1.2858178949617045,0.02607984607984608,-0.25739151271147026,0.17908763918219645,0.0,-0.14840589331112816,-0.06556743702180849,112778.81,0.48667209081901575,0.5133279091809843,-0.02665581836196851,-0.7174272053046775,5546.0273759173115,0.05278603929257036,-0.6421967835311884
60,2025-05-31,103949.9,104859.3,103032.1,104544.7,103607.84,2025-05-31 23:59:59.999,10771231013.7278,2173534,50579.791,5258359962.0428,0.5721019721019793,0.4092617742076874,0.005704716837553505,0.4134630491719281,105567.24285714285,0.9599201126834608,-0.6346939171019534,107098.99666666666,1.2894733076436289,-1.07818273320896,0.017477691360728922,-1.0566904463497069,-1.3149112842163209,-52.8414993189253,-1.7970372438125632,-1.6864674598373548,53028.049,0.48818497712142245,0.5118150228785776,-0.023630045757155105,-0.5585240218011986,4955.63033001913,0.0476679177781438,-1.7360508504803482
61,2025-05-31,103949.9,104859.3,103032.1,104544.7,103607.84,2025-05-31 23:59:59.999,10771231013.7278,2173534,50579.791,5258359962.0428,0.0,-0.03440927249853178,0.0,-0.02810208839051888,105113.1857142857,0.9532031884518205,-0.42915936765485024,107136.74666666666,1.2894733076436289,-1.1188298482769243,0.017477691360728922,-1.0807687160371395,-1.3013020760332,0.0,-0.12447281341353655,0.08466387761505405,53028.049,0.48818497712142245,0.5118150228785776,-0.023630045757155105,-0.5305864562164505,4955.63033001913,0.0476679177781438,-1.6797531877412206
62,2025-06-01,104544.6,105823.6,103704.1,105583.3,97420.24,2025-06-01 23:59:59.999,10189734693.2765,1959949,48780.478,5102309101.6038,0.9934506483829431,0.6969208609024011,0.009885483685120513,0.6980717065131934,104807.5,1.0907180392904154,1.0487254989791603,107220.20333333334,1.2989207086539645,-0.7413158842471175,0.020074197339920233,-0.9038482315268249,-1.389827588789187,-5.972134927241024,-0.3334702712515216,-0.11451977291613435,48639.762,0.5007222113187157,0.49927778868128425,0.0014444226374314972,0.5124930482873137,5198.979510832425,0.04970549743896398,-1.2822615322419166
63,2025-06-02,105583.3,105900.0,103600.6,105814.3,158252.918,2025-06-02 23:59:59.999,16568774033.5745,2994803,78240.684,8191502071.4922,0.21878459945843254,0.09490679491393492,0.0021854561446506032,0.10084388134456067,104846.69999999998,0.7767941042707492,1.223943393486803,107311.36000000002,1.2990225802527637,-0.7182729160951434,0.021730522245102923,-0.8184077272594238,-0.6569396657233387,62.44357230078676,1.6938647567820215,1.8357478134884635,80012.23400000001,0.4944027888319885,0.5055972111680115,-0.011194422336022969,-0.03162114257631838,5532.508827316688,0.05284251351424451,-0.7219427892398134
64,2025-06-03,105814.4,106775.0,104822.4,105330.1,139216.007,2025-06-03 23:59:59.999,14728115908.7851,2606908,69730.139,7376563889.4207,-0.4575941059006161,-0.37111387807525437,-0.004586442726213749,-0.36417800663989436,104816.72857142858,0.7996109132746018,0.6724716711300464,107275.44333333333,1.1592678922466724,-0.9221858338263911,0.018537910815616863,-1.0705949093509883,-0.885894020183524,-12.029421789239924,-0.5218136314932003,-0.33293784830960993,69485.86800000002,0.5008773093168805,0.49912269068311954,0.0017546186337609182,0.6147939156684311,5649.649281365166,0.0534027311282178,-0.49650272607257606
65,2025-06-04,105330.1,105967.2,104111.7,104641.8,118534.125,2025-06-04 23:59:59.999,12459563151.8403,2227909,58621.741,6162868431.131,-0.6534694261184582,-0.5187856009372038,-0.0065561388493316,-0.5119303390175935,104915.55714285714,0.5677102305176392,-0.4075064676946814,107216.58333333333,1.164861569291764,-1.1927996830142524,0.017731919749086885,-1.0785071036146763,-1.1127423378456265,-14.85596552126367,-0.5985695396009155,-0.33730695068208616,59912.384,0.4945558167321014,0.5054441832678986,-0.010888366535797167,0.12127386267788391,5592.491951798884,0.053204204031672746,-0.6206688323596304
66,2025-06-05,104641.8,105878.3,100305.1,101458.6,246238.674,2025-06-05 23:59:59.999,25426533952.9847,4120064,117166.339,12100737396.2756,-3.0419966017404154,-2.2796488402544997,-0.03089225589375499,-2.2932279435198706,104559.64285714286,1.319767643117707,-2.1198865569286793,107080.81666666667,1.2804087609870094,-2.3578139447336404,0.05493077964805346,2.4069048199806975,0.5439043934057102,107.73652650660725,3.0390392611953105,1.7623791259434063,129072.33499999999,0.4758242768964879,0.5241757231035121,-0.04835144620702425,-1.6473229506274476,6171.392957241611,0.059765740046756555,0.5518713290104417
67,2025-06-06,101458.7,105283.0,101003.4,104240.0,174300.906,2025-06-06 23:59:59.999,18075103218.6038,2910225,86445.603,8964620452.0324,2.741413739200027,2.004882214924372,0.027045099314543544,1.9752132910145406,104516.1142857143,1.7528375792955162,-0.18810441186703158,107037.76333333335,1.3831972348739603,-1.1538306857338836,0.04105525709900236,1.179023701663868,-0.35466957243645414,-29.214650497996107,-0.9504261993160551,-0.890466624395893,87855.30299999999,0.4959561311746711,0.5040438688253289,-0.008087737650657845,0.27915755118745145,6210.895452620949,0.05989258768651908,0.6161383166756222
68,2025-06-07,104240.1,105878.3,103800.1,105507.5,79833.173,2025-06-07 23:59:59.999,8393331490.526,1510843,42203.459,4437639700.7316,1.2159439754412915,0.9014079057807849,0.012086107620147227,0.8984270360086083,104653.65714285716,1.815269404168631,0.5634649365355174,106994.67666666668,1.3836280846445081,-0.6093581797090896,0.01969717792573985,-0.8311663695462242,-1.4664433586557801,-54.1980734167842,-1.5667486217488011,-1.0918760414172106,37629.71399999999,0.5286456420816444,0.47135435791835556,0.05729128416328888,2.9985655947328476,5555.396219544982,0.0528401514915845,-0.6733175816163373
69,2025-06-08,105507.5,106482.6,104927.4,105676.5,75105.104,2025-06-08 23:59:59.999,7939013396.4349,1397725,38745.874,4096542593.3356,0.1601781863848517,0.1344652522632213,0.0016005003795352222,0.14041604170618052,104666.97142857143,1.7772991217418186,0.6618774767141985,106957.22333333334,1.3840618977059977,-0.5222656703326563,0.014716611545613373,-1.22277498735157,-1.4130102476294686,-5.922436528985253,-0.2195085087648635,-0.2404515266469985,36359.23,0.515888693796363,0.48411130620363696,0.03177738759272608,1.8726629312513117,5679.953779488025,0.05373382031515499,-0.3959602181967513
70,2025-06-09,105676.5,110653.6,105253.2,110227.9,192956.409,2025-06-09 23:59:59.999,20800388814.9273,3206202,103642.886,11174929159.9416,4.306917810487665,2.810132505566542,0.04216749990245295,2.7583929853117866,105297.4857142857,2.4101460764134046,1.8911204373314967,106977.83666666667,1.5219808971837203,1.311686386748824,0.0489930407818711,1.8752227269804822,0.12306138393729266,156.91517449999134,3.504380515725608,1.7218268578044844,89313.52300000002,0.5371310885040361,0.4628689114959639,0.07426217700807225,3.008022643442708,6487.547826034448,0.06018223711419306,1.4249860237008347
71,2025-06-10,110228.0,110367.2,108282.0,110235.4,152216.974,2025-06-10 23:59:59.999,16647654303.5421,2781353,75668.024,8275759237.4893,0.006804084991185455,-0.01535669696090214,6.80385352382205e-05,-0.008000702454768126,105998.24285714285,2.3820830696710575,1.321023800298668,106998.7,1.5219767871778598,1.2930236223625995,0.018915883645362536,-0.7730180839285535,-0.41294827660134253,-21.113284192597103,-0.5682343210646696,-0.5157948069164939,76548.94999999998,0.4971063476797273,0.5028936523202727,-0.005787304640545443,0.19566252247552382,5985.45179398016,0.05472767174824626,0.47207182534460346
72,2025-06-11,110235.4,110350.0,108001.2,108600.0,134422.321,2025-06-11 23:59:59.999,14691641846.5674,2592990,64951.236,7099898449.8342,-1.48355247044053,-0.9313873577736546,-0.014946671754128275,-0.931352480089216,106563.7,2.4780557473966414,0.6214580898624668,106896.61,1.505106857804443,0.7202278618489288,0.021627992633517522,-0.5101924967560479,-0.6761773730469424,-11.690321080748845,-0.3808543020698531,-0.40412270179550863,69471.08499999999,0.48318787770373345,0.5168121222962665,-0.033624244592533103,-0.749854192736818,5665.907638119468,0.05184066309549979,-0.3756678558015772
73,2025-06-12,108600.1,108782.1,105602.0,105609.5,185790.19,2025-06-12 23:59:59.999,19916220925.2797,3320828,88829.222,9526203957.2966,-2.7536832412523027,-1.631004620402076,-0.0279230781528108,-1.64589117023782,107156.6857142857,2.409701957124257,-0.624685084015553,106694.83666666667,1.5819567870127287,-0.49408710778594095,0.03011187440523822,0.25351896044343425,0.2991056254549845,38.21379412129031,0.741369767767365,0.39474239592633753,96960.96800000001,0.47811578210884004,0.52188421789116,-0.043768435782319925,-1.042510064545026,5997.3659958539565,0.055946947568497975,0.5180861833003746
74,2025-06-13,105609.4,106141.1,102614.0,106027.3,245935.413,2025-06-13 23:59:59.999,25704797377.6442,4731930,123623.272,12923131340.0448,0.3956083496276408,0.30003540253607325,0.003948278775275201,0.3072637263769905,107412.01428571428,2.2175806259254065,-0.6285751757571311,106653.36333333333,1.4159681155323829,-0.2849456018924408,0.033265960747845186,0.6184542559373769,1.5012508841344756,32.3726581042842,0.5892474336078084,0.19211982949550555,122312.141,0.5026656002566007,0.4973343997433993,0.005331200513201351,0.6781785264136924,5432.201528265253,0.0519735949179299,-0.9506269503912673
75,2025-06-14,106027.3,106173.6,104225.4,105359.9,79911.57,2025-06-14 23:59:59.999,8391666383.1509,1612153,39484.266,4146393733.0395,-0.6294605257325281,-0.4078689497637738,-0.006314499814527646,-0.40371261406504944,107390.92857142857,2.195133598399728,-0.9129011053025787,106589.64333333334,1.4201774728113794,-0.5573810709749852,0.018490905932902476,-0.7690723027013944,-1.657938799349524,-67.50709097758117,-1.57029802377199,-1.1956254625315694,40427.304000000004,0.49409949022400634,0.5059005097759937,-0.011801019551987313,0.05430517396324771,5205.254329552406,0.04956822956630047,-1.4534872742168503
76,2025-06-15,105359.8,106099.4,104399.9,105534.6,78819.399,2025-06-15 23:59:59.999,8299752647.8676,1615722,39480.384,4157719404.9615,0.16581260992085678,0.1577834625071984,0.0016567529258482965,0.16505980931908376,107370.65714285713,2.195202982138518,-0.8183537056411933,106517.5,1.4182772623303825,-0.44593150638190265,0.016103723328652404,-0.9716086195013688,-1.5508512824628513,-1.3667244930865463,-0.15657813990050765,-0.27348388210972147,39339.01500000001,0.5008967906492157,0.49910320935078434,0.0017935812984313237,0.4946741760585731,5136.869243513179,0.04878277265519688,-1.5281467179308077
77,2025-06-16,105534.7,108900.0,104920.0,106750.1,166813.219,2025-06-16 23:59:59.999,17887208567.0373,3134819,85153.473,9131175475.7972,1.1517549694602502,0.816039208285217,0.011451727642824934,0.8209084719419789,106873.82857142857,1.308686321645609,-0.06661999977956094,106485.87333333332,1.435385962558276,0.1204647060192516,0.03728333743949654,1.1107281448601276,0.14729276026563246,111.63980075514152,2.089235483476369,1.770743879537548,81659.74600000001,0.5104719728476674,0.48952802715233257,0.020943945695334865,1.110820906958133,5705.978101777901,0.05321303048118568,0.043597379344513465
78,2025-06-17,106750.1,107727.4,103300.0,104508.0,226051.863,2025-06-17 23:59:59.999,23808393905.4278,3970409,112258.832,11824212353.6119,-2.1003259013340547,-1.3451573363850564,-0.021226965377842254,-1.3568798336448809,106055.62857142858,1.423525941725665,-1.180821848994818,106337.61,1.4658761233952202,-0.8427931999149292,0.04236422092088638,1.4964876324042669,1.2149127227232912,35.51196023619687,0.5053979639935334,0.2886572388042698,113793.03100000002,0.4966065331653559,0.503393466834644,-0.006786933669288175,0.07439611842344764,5996.4587792914535,0.056934150360831846,0.8321789093383678
79,2025-06-18,104508.0,105500.0,103426.1,104832.8,172706.399,2025-06-18 23:59:59.999,18052952724.8775,3219465,86108.275,9001683114.4841,0.31078960462356253,0.29219853819162833,0.003103076520459986,0.2997682868532976,105517.45714285715,1.4310690587851294,-0.9230939823707782,106200.17333333334,1.4679123088976749,-0.6421004034591499,0.019782930533191845,-0.6330025609212219,0.20395997870711924,-23.59877211009759,-0.6773888171362543,-0.735294552417608,86598.12400000001,0.4985818446715457,0.5014181553284542,-0.0028363106569085916,0.1820936093685368,5607.43872813573,0.05364444061358021,-0.222986045899393
80,2025-06-19,104832.8,105185.7,103870.3,104607.1,87710.605,2025-06-19 23:59:59.999,9170655647.4608,1606233,43107.754,4507096083.9664,-0.21529521294861853,-0.05243382657726214,-0.0021552730627592905,-0.045589071687686146,105374.25714285715,1.0279318321842223,-0.9422335938881344,106040.85,1.4647753378096742,-0.6957982452170376,0.012574672273679264,-1.2859004974703534,-1.3144933181381098,-49.21403867612341,-1.1424481841693264,-0.8998450412701616,44602.850999999995,0.49147710245528464,0.5085228975447154,-0.017045795089430715,-0.3247955171666435,5709.418028057449,0.05460640205997511,0.06809522381823209
81,2025-06-20,104607.1,106486.2,102255.3,103246.1,199102.135,2025-06-20 23:59:59.999,20795551830.7014,3108911,97416.104,10175736757.0539,-1.3010589147390617,-0.7563595568689054,-0.013095968225650899,-0.7569286251743125,104976.94285714286,1.0815382036104295,-1.6053172499355324,105836.15999999999,1.4797179954592508,-1.2813377950213167,0.040978787576479825,1.2718241273799358,0.678087003081491,126.99893017497716,2.0795637749281695,1.4173790139447926,101686.031,0.4892770436640471,0.5107229563359529,-0.021445912671905765,-0.45898322810449355,6689.014844973497,0.06404240423736801,2.4124187962679997
82,2025-06-21,103246.1,103940.6,100789.9,102079.8,120771.35,2025-06-21 23:59:59.999,12390156115.4865,2033604,58453.589,5997353377.9872,-1.1296310465964354,-0.6213624622082583,-0.011360598383741254,-0.6200280870393878,104508.35714285714,1.1171660441480582,-1.6080702363572068,105609.17666666668,1.4891097168488305,-1.7226170567568215,0.030865068309303228,0.3373260003428946,-0.6863471632095585,-39.34201157611896,-0.8885336831883854,-0.8708573822534897,62317.761000000006,0.48400211639598295,0.5159978836040171,-0.0319957672080341,-0.8314455724062239,6092.708371682244,0.05938784050385425,0.9246789366828044
83,2025-06-22,102079.8,103362.6,98115.4,100904.7,293562.636,2025-06-22 23:59:59.999,29530840749.9246,4876091,147071.521,14794588601.4875,-1.1511582115168784,-0.6062419465760344,-0.011578353299156213,-0.6049434704094563,103846.94285714286,1.1079291907538122,-1.5174915263506417,105343.02333333333,1.498464614378253,-2.0883840302186347,0.05200154204908207,2.045085163667899,2.265447080314149,143.0730765202177,2.132913509609612,1.1955103744520224,146491.115,0.5009885556416656,0.49901144435833444,0.001977111283331112,0.3994030552226751,6056.253000595067,0.06020450315631927,0.8292746936006438
84,2025-06-23,100904.7,106050.0,99547.6,105290.9,297222.041,2025-06-23 23:59:59.999,30424122122.1681,4717211,150465.011,15408831229.477,4.346873832437925,2.5826699810408313,0.04255048860468593,2.553040574880058,103638.48571428572,2.14180689603084,1.014809007080464,105261.95,1.7071496985660468,0.013937264852090209,0.061756524068081804,2.4562556362558703,2.0700172987283953,1.246549986695178,-0.2383650417556926,-0.3383963632867912,146757.03000000003,0.5062377288499946,0.49376227115000537,0.012475457699989256,0.7418402171549533,6449.599588012514,0.06300800218603747,1.6469262718935387
85,2025-06-24,105291.0,106239.0,104570.8,106034.9,144449.887,2025-06-24 23:59:59.999,15211187542.8234,2565480,71801.201,7561432835.249,0.706613771940412,0.4350457177247782,0.007041289553310563,0.4445312013831818,103856.6142857143,1.97824413364963,1.1766822558178143,105205.67666666668,1.712901417881175,0.4083769073756432,0.015732555979210593,-0.9835843517611824,-0.316418180565673,-51.40000838632288,-1.0691553330935228,-0.7973087627641425,72648.68599999999,0.4970665086086222,0.5029334913913778,-0.005866982782755548,0.046957213435193886,5929.177987286356,0.05630520877184776,0.4125457257851222
86,2025-06-25,106034.9,108095.7,105755.6,107280.0,159277.823,2025-06-25 23:59:59.999,17055576325.5144,2665403,81148.885,8689450609.2951,1.1742360298354626,0.6567427035890446,0.011673953767671233,0.6650186828580112,104206.21428571429,2.011211210530106,1.36392948826866,105263.68000000001,1.6842449191481241,0.9764392705657059,0.021813012677106555,-0.4961351796394503,-0.05691520922354558,10.265107372496596,-0.044537621226929336,-0.12139159968152022,78128.93800000001,0.5094801239215832,0.49051987607841685,0.0189602478431663,0.9035416704682169,6398.873388194731,0.05975750121088631,1.4173692548238106
87,2025-06-26,107280.1,108249.9,106500.0,106913.7,114433.386,2025-06-26 23:59:59.999,12286992617.7236,2181091,56752.074,6094349716.9075,-0.3414429530201324,-0.23618727697616312,-0.003420271997629541,-0.22993070577827968,104535.72857142857,2.0176465096375984,0.9591159029087901,105309.47333333333,1.6858739999826164,0.76888579050357,0.016367406609255824,-0.8465439856915239,-0.715403758984091,-28.154853045674788,-0.6560115124346977,-0.6466118784672827,57681.312,0.49593983000730224,0.5040601699926978,-0.00812033998539552,-0.1297615776200667,5633.415853682217,0.05246612177116865,-0.28262828967475273
88,2025-06-27,106913.8,107686.0,106313.1,107010.7,118637.45,2025-06-27 23:59:59.999,12685404247.2056,2005062,60117.113,6428393390.6014,0.09072738105593281,-0.011598040994364232,0.0009068624864459276,-0.0036650350167532907,105073.52857142857,1.8950713533094043,0.7567190592591396,105411.49666666666,1.6598249152968572,0.7642603866919393,0.012829558165678705,-1.0541726526617823,-0.6013819000269689,3.6738089703995946,-0.1368167272883684,-0.02998817211755479,58520.337,0.5067296456557352,0.4932703543442648,0.01345929131147039,0.6352119553911091,6326.689273052704,0.0591689683411286,1.1912922729601898
89,2025-06-28,107010.6,107538.0,106767.0,107241.0,35670.419,2025-06-28 23:59:59.999,3824571878.0348,747193,18591.878,1993427515.9144,0.2152121236474569,0.05907964198900317,0.002149808740819314,0.06736968840489406,105810.84285714284,1.7625460855119457,0.6266584178348298,105521.19666666667,1.6597982727075646,0.8191577159529839,0.007189414496321369,-1.3692127368169615,-1.7594592174803476,-69.93325547708586,-1.2635565840517486,-1.025622090804223,17078.541,0.5212127729702306,0.4787872270297694,0.04242554594046122,1.5900643377148314,5118.586333162651,0.047739230694077706,-1.3913791300056135
90,2025-06-29,107240.9,108499.0,107112.6,108309.8,79448.325,2025-06-29 23:59:59.999,8563401844.1215,1398904,41552.003,4478823238.7637,0.9966337501515321,0.5195277754175088,0.009917001091317266,0.5280219487130883,106868.71428571429,1.5575114896231055,1.4928110056340147,105646.7,1.665610379090663,1.238078130870404,0.012800319084699576,-0.9568471041783352,-1.0617715485793977,122.72888075690953,1.6447416125526488,1.9879342996511942,37896.322,0.5230066587306906,0.47699334126930937,0.046013317461381265,1.5811269612201801,6121.507869104313,0.05679326458427454,0.6978905201554262
91,2025-06-30,108309.8,108783.9,106686.4,107087.4,114681.386,2025-06-30 23:59:59.999,12341253790.3646,1865096,55900.03,6016047519.2797,-1.1286144005436372,-0.7269735624349604,-0.011350315820454546,-0.7274169848625474,107125.35714285714,0.80590932114565,-0.05670220884378698,105731.45666666665,1.6813497476053223,0.6288682095116426,0.019586804796829508,-0.49233104047151377,-0.5335821483859687,44.3471413651578,0.41804047808944444,0.6132009127628539,58781.356,0.48743769106522655,0.5125623089347735,-0.025124617869546895,-0.9305127572759881,6616.953652983331,0.061488194709548465,1.7082971251816808
92,2025-07-01,107087.3,107499.9,105182.6,105637.9,120434.401,2025-07-01 23:59:59.999,12798966761.0981,2043731,58611.964,6229056079.2177,-1.3535672730872195,-0.8088214416822656,-0.013628115076351786,-0.8114939027348076,107068.64285714286,0.9688456994913622,-1.824517650948324,105733.27666666667,1.6926056691774398,-0.04423659166814716,0.02193625583242367,-0.33379048621437785,-0.46101771193687685,5.016520292142257,-0.19030980134084827,-0.12534124106569478,61822.437,0.4866712792468657,0.5133287207531343,-0.026657441506268587,-0.9365479930089439,6262.549602221672,0.05892869511692096,0.8472228767438148
93,2025-07-02,105637.9,109690.4,105010.0,108800.0,177567.261,2025-07-02 23:59:59.999,19179636772.5586,2621458,92413.926,9983565784.4009,2.9933385650415367,1.6230574398185715,0.029494126024272628,1.6180700830530628,107285.78571428571,1.4674660167736744,1.4762626852022458,105832.8,1.77775898597989,1.3319875831941264,0.04301838235294112,1.0660858793115546,0.4064736309766798,47.43898713790258,0.4703560794364971,0.4799757358001146,85153.33499999999,0.5204446218269932,0.47955537817300675,0.040889243653986496,1.3112838477378266,7316.400557460238,0.06773606939344441,2.7496643741699174
94,2025-07-03,108800.0,110484.0,108480.6,109545.2,141487.997,2025-07-03 23:59:59.999,15492329480.4931,2342574,73227.889,8018864064.8137,0.684926470588243,0.30318973109997693,0.006825915050390685,0.31254878535774083,107661.71428571429,1.45436375375773,1.4382566998695177,105973.30333333333,1.777464008342966,1.5358884486918862,0.018288341250917377,-0.6249780721903715,-0.14798633293710134,-20.318646464902102,-0.5684330559394104,-0.6477978663502013,68260.10800000001,0.5175554856430683,0.4824445143569317,0.035110971286136605,1.0570131651054537,6613.378907344271,0.0603985176135311,1.233434940573923
95,2025-07-04,109545.1,109732.3,107200.0,107935.4,132305.847,2025-07-04 23:59:59.999,14316422935.2606,1957162,64249.699,6952968511.7135,-1.4695303856307795,-0.8842487006171081,-0.01480434945813237,-0.8875107065757855,107793.8142857143,1.612887193451133,0.11068005856600517,106083.09,1.7962661278409537,0.7921593642230383,0.023461255528770014,-0.2861086866727393,-0.2967232061837382,-6.489702444511947,-0.3607340226060917,-0.3924580841968776,68056.14800000002,0.48561496303334195,0.514385036966658,-0.028770073933316098,-1.0205021491310802,7314.88907676554,0.06760086645867844,2.2908587221693635
96,2025-07-05,107935.3,108368.1,107688.3,108153.4,36660.948,2025-07-05 23:59:59.999,3960654262.1664,734951,18462.029,1994707258.816,0.20197266142525372,-0.014741894058710394,0.0020176897086548857,-0.006686601464276455,107924.15714285713,1.6127839251181928,0.18195965541013592,106306.25,1.694168410285539,0.8407865373896356,0.006285516682785774,-1.399645507637533,-1.6419472500687664,-72.29075749010549,-1.2893182513859174,-1.448203860001709,18198.918999999998,0.5035884232999103,0.49641157670008973,0.007176846599820541,0.09504981745358333,5389.004521616271,0.04988216629407947,-1.1235851429138553
97,2025-07-06,108153.4,109684.7,107743.4,109145.8,72388.603,2025-07-06 23:59:59.999,7864421489.3231,1278877,37107.026,4031820476.0809,0.9175855775223063,0.46031628700553534,0.00913401337573249,0.4696014036333532,108043.58571428571,1.605984570201004,0.822790007824106,106469.77666666666,1.6324252652869902,1.2052620525380773,0.0177863005264518,-0.5362511340733943,-1.030576141914947,97.45425841143009,1.248006482586936,1.5257007869141965,35281.577000000005,0.5126086768106299,0.48739132318937006,0.025217353621259875,0.6724745780122511,6149.474491544613,0.05660325660716394,0.22693311283100376
98,2025-07-07,109145.8,109667.3,107456.0,108203.9,106397.578,2025-07-07 23:59:59.999,11536683412.6303,1788546,52139.045,5654097567.2025,-0.8629741135252167,-0.5886909670118381,-0.008667192973397192,-0.5882773159972449,108203.08571428571,1.57436623864847,0.0006404030003161379,106559.65666666666,1.6304488063685054,0.7358382928878286,0.020436416801982212,-0.34711446606061724,-0.5399920667555059,46.981118008314084,0.4388272050027738,0.5978155868975349,54258.532999999996,0.4900397732737864,0.5099602267262136,-0.01992045345242721,-0.8179070368850195,6450.314061047521,0.05948830949832992,0.7096547994758223
99,2025-07-08,108203.9,109180.0,107400.0,108873.1,95156.027,2025-07-08 23:59:59.999,10320330229.2738,1658291,47448.078,5146117084.8251,0.6184619962866567,0.3100216113659502,0.006165573689791283,0.3194321838842581,108665.25714285714,1.4282953871508648,0.3535040048766427,106666.20999999999,1.6332071048205135,0.9735141320355165,0.016349309425376882,-0.647900063858217,-0.7267550644317706,-10.56560798780588,-0.44555083055223377,-0.3987496935574058,47707.949,0.4986345005766161,0.5013654994233838,-0.0027309988467677515,-0.16488414697774845,6223.473581701764,0.057381983620486396,0.2757872177911037
100,2025-07-09,108873.2,112036.8,108273.5,111199.9,167834.731,2025-07-09 23:59:59.999,18458201635.8988,2548622,87925.103,9671703908.607,2.137167032076781,1.4151355531466447,0.02114649872062008,1.4149441548131059,109008.1,1.1900427661163797,1.9401291273056047,106698.61,1.4820909243671492,1.9353938266037725,0.03384265633332407,0.6864147363256491,0.3985155035286343,76.37845577558633,1.003025173445431,1.0091303666423757,79909.628,0.523879071251349,0.476120928748651,0.04775814250269805,1.8470604618275852,7242.424194681989,0.06585312808254813,1.932373318728833
101,2025-07-10,111199.8,117500.0,110432.2,115979.2,225570.213,2025-07-10 23:59:59.999,25573716456.3733,3420723,119208.753,13523225525.2489,4.297935519726193,2.4589645699959175,0.04208138214801312,2.4337201305004004,109927.24285714285,1.929419935929992,2.0953789624176165,106890.07,1.6735053377499474,3.231734065412539,0.060940237559838344,2.366405494940629,1.2162056946676916,34.40019932465586,0.2802483002644639,0.18462461187648882,106361.45999999999,0.5284773703698192,0.47152262963018077,0.056954740739638465,1.9759554461915712,7476.11439346983,0.06594226220597224,2.0656930814542065
102,2025-07-11,115979.2,118882.8,115186.7,117500.0,199819.357,2025-07-11 23:59:59.999,23468288934.0047,3481508,100784.694,11836216164.3229,1.3112696069640162,0.625448978572145,0.01302746890069856,0.6337602821114836,111293.61428571427,1.6406669807885084,1.5992688633864625,107186.73666666666,1.6552328327627035,3.0281018241391235,0.031456170212766005,0.3358740625095938,0.7892408007090108,-11.415893817505063,-0.48099268406277396,-0.5887993746411972,99034.66299999999,0.5043790327080274,0.4956209672919726,0.008758065416054839,0.16443242936905153,6740.840157197599,0.05739448451647964,0.8665417451047313
103,2025-07-12,117500.0,118176.9,116862.4,117389.3,63722.472,2025-07-12 23:59:59.999,7488784312.8489,1330505,31394.033,3689856558.2485,-0.09421276595744654,-0.29497897737001505,-0.0009425717407806339,-0.29031157638566873,112613.02857142859,1.6751050762459745,1.1391871988055002,107579.39666666667,1.5555945996738612,2.5376535000207263,0.011197783784382392,-0.9841852451221045,-1.1462878176115252,-68.10996043791693,-1.3234276524909083,-1.6000165297650029,32328.439000000002,0.4926681595152178,0.5073318404847822,-0.014663680969564385,-0.7986900233570077,5628.527749124505,0.0478934479765202,-0.8243477931773834
104,2025-07-13,117389.4,119655.0,117164.3,119038.3,90052.381,2025-07-13 23:59:59.999,10670541370.9112,1810973,45809.831,5428490991.0878,1.4047276881283155,0.6422056823431622,0.013949528225397108,0.6507972610165287,114026.24285714285,1.6720507820733097,1.1172224848827412,108013.09666666668,1.5671543654303954,2.5165343818786776,0.020923517892980636,-0.3060847073153985,-0.7105824565252314,41.319660354670475,0.4348623333029588,0.5308874579214831,44242.549999999996,0.5087020519757274,0.4912979480242726,0.017404103951454752,0.461169795522102,5892.159281729324,0.04972596554448906,-0.45349531786981695
105,2025-07-14,119038.3,123300.0,118862.6,119816.5,221556.12,2025-07-14 23:59:59.999,26804448428.8877,4034670,113834.673,13772358450.5752,0.6537391747025945,0.13671439706447744,0.006516115677924117,0.14488730937357777,115685.1857142857,1.4323482455075682,1.0063541470254098,108494.98333333334,1.5556050158670036,2.3346918998787,0.0370349659687939,0.7302203391166957,1.1822155400074155,146.03027431334658,1.9279551008925189,1.680337028314013,107721.447,0.5137961117932558,0.4862038882067442,0.02759222358651159,0.8109072263675227,6643.529316867972,0.05491307095747607,0.6659393733739665
106,2025-07-15,119816.5,119919.4,115678.1,117738.5,269977.446,2025-07-15 23:59:59.999,31656599892.9497,4738657,131447.5,15412735685.0897,-1.7343187290565165,-1.315839735090536,-0.017495342163243516,-1.3302422007054846,116951.67142857143,1.8747333061021036,0.27905606342976663,108901.78000000001,1.6050940964325053,1.7334174508236777,0.03602305108354521,0.6190096347760654,1.7348986351714242,21.855106507552136,-0.005102772532105962,-0.18615504338189526,138529.946,0.4868832635745432,0.5131167364254567,-0.026233472850913597,-1.2468271225395013,6680.500380793482,0.05697340955464808,0.6760384543027588
107,2025-07-16,117738.6,120100.0,117017.1,118590.7,159165.948,2025-07-16 23:59:59.999,18903224038.5254,3160880,79673.55,9462555225.8789,0.7238074206822764,0.22523345193980884,0.007212005065712535,0.233934300331153,118007.5,1.824817961789876,0.4634500864226241,109296.46666666666,1.5998710417250062,1.7287458277768,0.025996136290619705,-0.026383485066249462,0.15762039293293084,-41.04472415818024,-0.9198687840235558,-0.843423593182732,79492.398,0.5005690664437848,0.49943093355621515,0.0011381328875696983,-0.1689039568385426,5980.367504785186,0.05035494798916758,-0.53532821474029
108,2025-07-17,118590.7,120951.5,117412.8,119176.6,164274.401,2025-07-17 23:59:59.999,19529125659.9034,3301670,82532.264,9814512775.7237,0.4940522317517404,0.02881641771061113,0.004928357986114289,0.036352439568067,118464.27142857143,1.065934173192523,0.7583720293223065,109785.42,1.530725220457315,1.6804139037514851,0.029692909514116,0.2565190445518946,0.26557241685267013,3.2095137585584688,-0.20281118449156366,-0.14313076110350634,81742.13700000002,0.502404899957602,0.49759510004239804,0.004809799915203916,-0.041972247270284514,5914.923556837419,0.04975494249879607,-0.6414131716279506
109,2025-07-18,119176.5,120846.1,116788.9,117896.4,162246.906,2025-07-18 23:59:59.999,19250655213.5986,3368152,78772.03,9348607437.1844,-1.0742041642403,-0.950012509975658,-0.010800153909339983,-0.9562476871409391,118520.90000000001,1.104485783241448,-0.7083366745353442,110220.87333333332,1.5557478497992794,1.3472231728167896,0.03441326452716124,0.5466057378482385,0.24148356133899157,-1.2342123834619967,-0.2865786563806293,-0.22995819840932732,83474.87599999999,0.4855071319511018,0.5144928680488983,-0.028985736097796422,-1.2841144084020435,5715.49479168357,0.0481708978692173,-0.9964827046853075
110,2025-07-19,117896.5,118456.0,117245.9,117814.4,52531.193,2025-07-19 23:59:59.999,6197160791.5471,1248912,24526.721,2893580595.8702,-0.06955259024024052,-0.30771831153620244,-0.0006957678927564071,-0.303117396356399,118581.62857142856,1.1039758060265723,-0.9569728209863942,110661.11666666667,1.553974577311893,1.2422135579795197,0.0102712401879567,-1.0996389157862707,-1.3190727815391174,-67.62268428095632,-1.318127746351144,-1.1983402408189954,28004.471999999998,0.46689822940057735,0.5331017705994227,-0.0662035411988453,-2.3775060017056506,4962.047599468257,0.04206156478598973,-2.1068212197448415
111,2025-07-20,117814.3,118856.6,116370.1,117216.0,82380.582,2025-07-20 23:59:59.999,9710161747.2649,1751382,39522.257,4660078822.8556,-0.507917538093805,-0.6161504597639222,-0.005092118236836995,-0.6160675947878762,118321.30000000002,0.939177513954959,-1.2061524083220065,111126.78,1.5304531740569425,1.067764641043379,0.02121297433797434,-0.3125941443804289,-0.8341157881641157,56.822217991508396,0.7102994730639101,0.5717650168736447,42858.325,0.4797520974056726,0.5202479025943274,-0.04049580518865481,-1.440324094174755,5544.28545415272,0.04703747212201564,-1.0910012696306897
112,2025-07-21,117216.1,119720.6,116454.1,117330.2,141885.848,2025-07-21 23:59:59.999,16757943321.4359,2862908,69570.765,8219105667.0004,0.09742697242696163,-0.25180208385512765,0.0009737954315561582,-0.24682182352953225,117966.1142857143,0.8745974509913563,-0.9143574381405908,111635.12666666666,1.503350744733364,1.026865680330857,0.027840232097107138,0.15464755111609005,0.007537694049333278,72.2321505327554,0.9026292743907055,1.322107406957271,72315.083,0.4903291341642473,0.5096708658357527,-0.019341731671505435,-0.7603571570248175,5853.4690326884065,0.04956004454212291,-0.582938284703944
113,2025-07-22,117330.2,120300.1,115865.0,119993.7,186832.45,2025-07-22 23:59:59.999,22133221784.4276,3400863,94591.193,11212737632.947,2.270089030786626,1.1160116690738073,0.02244705937591271,1.1206672782221385,118288.28571428571,1.06562515465769,1.6729852635682978,112271.42666666668,1.5054265827896856,1.439489364207753,0.03696110712479077,0.8662762634943942,0.7632658157997978,31.6780021641059,0.31967209764297244,0.4744093712071939,92241.25700000001,0.5062888861115935,0.4937111138884065,0.012577772223187011,0.3054703571540288,6508.119199281948,0.05493677634176972,0.42921801648893576
114,2025-07-23,119993.7,120146.5,117250.0,118713.5,136986.897,2025-07-23 23:59:59.999,16199890830.6418,2483435,66612.552,7878868556.4179,-1.066889345023947,-1.088273460882205,-0.010726214157529739,-1.0951506218382145,118305.82857142856,1.151734026450955,0.39715185185993923,112718.84666666668,1.356686552573321,1.1264138474378496,0.02439907845358784,0.044895271378523026,0.0797488224847377,-26.679280285624905,-0.7024832315650688,-0.7525327933843655,70374.345,0.48626951525152073,0.5137304847484793,-0.02746096949695853,-0.9841355978338328,6523.178915752496,0.055160250620612174,0.4484389744279181
115,2025-07-24,118713.4,119469.9,117050.2,118294.3,137377.613,2025-07-24 23:59:59.999,16275419265.9469,2566930,67494.798,7998311440.3544,-0.353119063964924,-0.5338478401548911,-0.003537440009464165,-0.5320795800897495,118179.78571428571,1.1381006637839186,0.12012345098870951,113127.49333333333,1.3624692398638292,0.9820415449489348,0.02045491625547467,-0.30494025893534843,0.09084669435427228,0.28522143982867565,-0.2601225705062504,-0.18692953646437802,69882.81500000002,0.49130856568311454,0.5086914343168855,-0.01738286863377092,-0.6331224194560369,6340.421930456576,0.05351825449077303,0.13893553035379086
116,2025-07-25,118294.4,118410.8,114667.3,117583.5,260386.754,2025-07-25 23:59:59.999,30217394710.2149,4482676,123156.442,14294237851.1494,-0.600874260213724,-0.6709805871745602,-0.00602686773862609,-0.6715640514103981,118135.08571428571,1.0833587896894592,-0.5652210477480852,113470.94333333333,1.3650709599257822,0.7905142101763564,0.03183694991219006,0.6340175191315074,2.0389718182408165,89.54089266349384,1.2743821626516822,1.1862916899233098,137230.31199999998,0.47297506539061507,0.5270249346093849,-0.054049869218769864,-1.6811017273859314,6740.9276758380265,0.05808734648678601,0.7485478639237637
117,2025-07-26,117583.4,118300.0,117114.2,117889.2,57218.604,2025-07-26 23:59:59.999,6739341628.4194,1160574,28458.148,3352360848.3219,0.2599854571432081,-0.05525847959786608,0.002596480795821268,-0.04906394797826616,118145.77142857142,1.0886515363202962,-0.26391297910835504,113836.79333333335,1.3595019459062725,0.7929634984625823,0.010058597394841962,-1.1750081159696089,-1.2185117048437266,-78.02553197464107,-1.5922181506004813,-1.6620658264517911,28760.456,0.4973583067493223,0.5026416932506776,-0.005283386501355403,-0.14954682371118444,5806.9038496635285,0.04930198677550936,-0.73284090222121
118,2025-07-27,117889.3,119766.0,117800.8,119423.4,75978.959,2025-07-27 23:59:59.999,9021870261.9343,1528886,39269.357,4663033730.9,1.3013914760639622,0.6758951590807987,0.012929961362373177,0.6828766722168936,118461.11428571427,1.1567146274521396,0.9836156891842043,114250.55,1.369926276443924,1.0262065688956516,0.01645573648045523,-0.6571819038641085,-0.8852009369030203,32.78715957488232,0.275837338422084,0.2665111427348087,36709.602,0.5168451570914522,0.4831548429085478,0.03369031418290436,1.0394476919536093,5900.9437341530365,0.049695633945238564,-0.5584832309468175
119,2025-07-28,119423.5,119812.0,117388.0,118041.4,106712.329,2025-07-28 23:59:59.999,12646588023.95,2373905,49363.385,5851265071.1647,-1.1572271430892123,-1.0635548052495296,-0.011639751265732858,-1.0705252709162503,118562.71428571429,1.2791080790577993,-0.5974951601032648,114610.56333333332,1.3980888410356895,0.6992054350161399,0.02053516816981161,-0.36440933861659497,-0.45668124656401615,40.44984348890593,0.3567926010468868,0.5126700427492102,57348.943999999996,0.4625837095168263,0.5374162904831736,-0.07483258096634737,-2.0881883346039944,5327.335349961351,0.044952232292362164,-1.5003865308031017
120,2025-07-29,118041.5,119258.7,116923.0,117897.0,115263.463,2025-07-29 23:59:59.999,13605158270.3445,2551661,55053.068,6499896380.2271,-0.1223299621996965,-0.29739474569075225,-0.0012240484637470708,-0.29306341615564113,118263.18571428572,0.8472798442939985,-0.5869980236891956,114930.13666666667,1.394604779532011,0.618981342270699,0.019811360764056738,-0.45503923219814013,-0.34063893186131505,8.01325777455386,-0.15774337538440888,-0.02761597613375283,60210.395000000004,0.4776280927807973,0.5223719072192027,-0.04474381443840536,-1.1334161062348995,5331.883142135456,0.04517193428123877,-1.4004769681207672
121,2025-07-30,117897.1,118763.5,115700.0,117771.0,124917.857,2025-07-30 23:59:59.999,14671863277.403,2695165,60858.794,7148296382.1645,-0.10687294842107731,-0.31608699627237496,-0.0010693009827871878,-0.31203667375102123,118128.54285714286,0.7665740190704949,-0.5841857770904911,115286.25666666667,1.370980690392196,0.542211672972028,0.02601234599349585,0.07538020929290672,-0.18666861602968213,8.375936093469626,-0.12901751597246908,-0.12035537159359533,64059.063,0.4871905063180839,0.5128094936819161,-0.02561898736383217,-0.5615881722632691,5443.771820056657,0.04634887177593951,-1.1461377837674462
122,2025-07-31,117771.1,118910.0,115373.9,115697.3,135037.467,2025-07-31 23:59:59.999,15883505625.6346,2653586,64854.642,7632959988.1983,-1.7607900077268535,-1.4917881696660553,-0.0177647632311904,-1.5090339609229795,117757.54285714285,0.9920601411524124,-1.8849937110227755,115621.56999999999,1.3900714449215834,0.018010656246580634,0.03056337529052109,0.4533907491105066,-0.02689176611145635,8.101011531121616,-0.13618765326319263,-0.14856481570051958,70182.82500000001,0.480271464215187,0.5197285357848129,-0.03945707156962597,-0.9523120672412764,5985.675846056845,0.050888671782259934,-0.3073337702364273
123,2025-08-01,115697.3,116000.0,112660.0,113244.8,221282.099,2025-08-01 23:59:59.999,25374879723.7736,4671690,106416.826,12205698734.1429,-2.1197556036312015,-1.659382857917584,-0.021425450518813727,-1.6805048715199635,117137.72857142857,1.2082274321439976,-1.9143153732818485,115769.73,1.3632907254319917,-0.6264110336890861,0.02949362796349148,0.41566891684304696,1.3471103836737333,63.867187319205264,0.8985012859498566,1.1572873114798612,114865.27299999999,0.4809102339543517,0.5190897660456484,-0.03817953209129665,-0.8571283198913016,5431.627467527512,0.047366605874961734,-1.0895234173828094
124,2025-08-02,113244.8,114000.0,111910.0,112508.8,102459.448,2025-08-02 23:59:59.999,11582327925.5756,2253136,47169.224,5332165044.5207,-0.6499194665008923,-0.5472016820904786,-0.0065204063866775176,-0.5458240348105371,116369.1,1.1570115060921753,-1.4671192798598778,115868.51666666666,1.3667543118339054,-0.8598334238821848,0.018576324696379307,-0.5956818982038,-0.553413698165055,-53.69736256885379,-1.2550820618033491,-1.8682693445796565,55290.224,0.46036968694190117,0.5396303130580988,-0.07926062611619766,-1.9155642562977744,5140.536534667947,0.04547415158250545,-1.430124666847471
125,2025-08-03,112508.8,114730.0,111850.0,114150.8,63183.869,2025-08-03 23:59:59.999,7180260356.7661,1586907,31097.096,3534100091.6805,1.4594413948064489,0.9323861381937545,0.014488940466130619,0.9376921259742377,115615.87142857142,1.2023073285360943,-0.6231972181967895,116075.69666666668,1.3554879876641204,-0.5307158367995639,0.02522978375972836,0.014825337362453995,-1.1229710405298288,-38.33280362783138,-0.9412588537059741,-1.0636807421596945,32086.772999999997,0.49216827795081686,0.5078317220491831,-0.015663444098366286,-0.0708064175054263,4524.688817155699,0.039815735263629186,-2.1762666787032234
126,2025-08-04,114150.9,115686.0,114053.8,115002.1,83328.591,2025-08-04 23:59:59.999,9566449201.0507,2122581,40432.436,4642286424.5996,0.7457678789811295,0.3914327892997387,0.0074300077924583695,0.3987736473778212,115181.68571428572,1.277790152355691,-0.0857210901391424,116303.98666666665,1.3592069996506702,-0.39295187703524675,0.01419278430567787,-1.0698451528893254,-0.8564151914608709,31.882697781612592,0.2781990333532837,0.6987001257190234,42896.155,0.4852168447201994,0.5147831552798006,-0.02956631055960124,-0.4436959063022073,4506.988991727853,0.03925814421216434,-2.023495562559516
127,2025-08-05,115002.1,115073.3,112582.4,114069.6,119316.428,2025-08-05 23:59:59.999,13578532103.2508,2692070,56631.208,6445877392.1048,-0.8108547583044134,-0.7084216563316188,-0.008141600651172207,-0.7091224246802591,114634.91428571429,1.2824953847021732,-0.3254343081058156,116468.11333333333,1.3649635971362992,-0.7842300581965538,0.02183666813945178,-0.3512905052835325,-0.3027269674735453,43.18786213485837,0.5461884368877183,0.8017283585133518,62685.22,0.47463043395834814,0.5253695660416519,-0.05073913208330372,-0.9984129592644505,5043.900085529276,0.04432144335028435,-1.191267477411803
128,2025-08-06,114069.6,115674.2,113304.5,114941.0,98598.67,2025-08-06 23:59:59.999,11289146520.5982,2207330,48509.767,5554848440.6814,0.7639195719104874,0.4084326793183313,0.007610164818237854,0.4157771830422105,114230.62857142858,1.3625612808204188,0.6475887160288671,116692.68333333333,1.3553635554055683,-0.6607930045254078,0.020616664201633855,-0.4700191147449982,-0.6392842726701529,-17.363709547188254,-0.6002744861282504,-0.5199465992029735,50088.903,0.4919921029360741,0.5080078970639259,-0.016015794127851812,0.025408484762125393,5114.390018981394,0.04466874912224271,-1.0244875477913589
129,2025-08-07,114941.0,117580.0,114211.4,117419.9,134409.055,2025-08-07 23:59:59.999,15603976236.9276,2477601,70320.817,8162960433.9132,2.156671683733391,1.3538945974941297,0.02133744575885167,1.3538151710492405,114476.71428571429,1.4806004565736746,1.8729446689772724,116977.57666666666,1.399705137657595,0.2007873749868775,0.02868849317705096,0.27468530815459435,-0.07098380023365934,36.319338790269676,0.42330384580462926,0.5940014469759504,64088.238,0.5231851157647079,0.47681488423529206,0.046370231529415884,1.7290021447219426,6298.018218804239,0.05424967740972013,0.5710270350872029
130,2025-08-08,117419.9,117591.8,115850.0,116628.2,89828.611,2025-08-08 23:59:59.999,10476168967.7768,2041990,43852.502,5114363104.0876,-0.674246869568107,-0.617662939263178,-0.006765301830075525,-0.6169938768433354,114960.05714285714,1.1674481631035536,1.0123249024256327,117158.52,1.363448377889121,-0.2767413305281233,0.014934638449363043,-1.004033416747449,-0.7643580293129072,-33.167738587255144,-0.8813511860090806,-0.7099096179324816,45976.109000000004,0.48817967362313996,0.51182032637686,-0.02364065275372007,-0.17922944279371522,5130.372317091073,0.0439907203267401,-0.9543686660823952
131,2025-08-09,116628.2,117906.7,116304.0,116422.1,77924.534,2025-08-09 23:59:59.999,9109077804.5382,1513938,40145.588,4693361379.9637,-0.17671540845181077,-0.17469690279578673,-0.0017687173432481558,-0.16958500393334305,115519.09999999999,1.106804603949522,0.6914404048787762,117173.28333333334,1.1188809729130351,-0.3935794631573975,0.013766286641453788,-1.2420429639810104,-0.9028201320945883,-13.251988277988625,-0.4534993873838241,-0.419773259643537,37778.945999999996,0.5151854741922487,0.4848145258077513,0.030370948384497387,1.5331741468418512,6016.810334728503,0.05147141692724537,0.4119757402394144
132,2025-08-10,116422.1,119291.9,116413.2,119255.3,130331.779,2025-08-10 23:59:59.999,15402998283.6403,2420657,65839.952,7779415999.3612,2.433558576936856,2.013647032363838,0.0240441934065888,1.998815595861132,116248.3142857143,1.2937468775222063,1.7079446082050083,117231.79333333332,1.1806435161083546,1.0400940948033133,0.024138969085650677,0.08918315192868372,0.025954316345552998,67.25384459790288,1.077018301626438,1.3575724618982845,64491.82699999999,0.5051718967175305,0.4948281032824695,0.010343793435060977,0.9019131105428513,6363.147808070413,0.05384148972778877,1.0049117902082862
133,2025-08-11,119255.3,122450.0,118050.0,118641.9,217088.254,2025-08-11 23:59:59.999,26140833129.3272,4260404,108472.648,13067526473.9227,-0.5143586909764242,-0.46964211757350477,-0.0051568606890351545,-0.4660293096412331,116768.28571428571,1.3615011447058984,1.0043237698370158,117273.54666666666,1.1849727067285116,0.6972968080986146,0.03708639190707499,1.6224164433535198,1.4250497453584727,66.5658641857409,1.0032014825986169,1.0794758546109695,108615.60599999999,0.49967073759780667,0.5003292624021933,-0.0006585248043866621,0.5399776710311627,6135.7639156585155,0.05095485169951018,0.6053266198920796
134,2025-08-12,118641.8,120270.0,118154.3,120081.0,125708.555,2025-08-12 23:59:59.999,14984075258.1463,2609039,62783.535,7485321680.1282,1.212977877124355,0.9994478679430407,0.012056802535774855,1.0009860721332309,117627.05714285713,1.259178877388094,1.3643417070010673,117308.30333333332,1.177865474500049,1.3839225121245955,0.017618940548463097,-0.8266121627833988,-0.16323880226852697,-42.09334098748613,-1.104639346883032,-1.1001690620309554,62925.01999999999,0.49943724991509136,0.5005627500849086,-0.0011255001698172729,0.5538354807933309,5743.1396227294035,0.04818193787061059,-0.019295207615056383
135,2025-08-13,120080.9,123715.9,118829.0,123323.9,188073.873,2025-08-13 23:59:59.999,22796282824.2241,3654672,93301.574,11312196562.838,2.7005937658747037,2.0437100805021844,0.026647712486423756,2.0286187676035263,118824.61428571427,1.4610876497082719,1.8733346161651365,117425.21666666666,1.2705337045422287,2.6298827787604275,0.039626544408666885,1.8929016709922664,0.959118622888627,49.61103721222473,0.871784704077691,0.654990144469867,94772.299,0.4960900337283956,0.5039099662716044,-0.007819932543208785,0.3933773734288322,6237.5728449021135,0.05146121813393924,0.8207596420703667
136,2025-08-14,123323.9,124545.6,117004.0,118242.2,259801.57,2025-08-14 23:59:59.999,31188419054.0993,4770691,121538.327,14590183740.3054,-4.120612468467177,-2.855876900646511,-0.042079164307007554,-2.9014294683596953,118942.08571428571,2.3205827970222654,-0.29897694194786756,117442.00666666665,1.4514142991127408,0.35607629180699096,0.06378095130165039,3.6144947734306467,2.271063632873486,38.138044299220674,0.5997094017671222,0.40497638989751095,138263.24300000002,0.4678121344686254,0.5321878655313745,-0.06437573106274919,-1.376777425298081,6537.505584431962,0.0544578489782717,1.340803690207795
137,2025-08-15,118242.2,119184.0,116736.3,117279.2,120542.357,2025-08-15 23:59:59.999,14214818128.9724,2714933,59281.35,6991379574.4084,-0.8144300427427753,-0.5420437300427186,-0.008177646418750633,-0.5359937711311141,119035.08571428571,2.3291987238423153,-0.7822571822631171,117398.29000000001,1.4530258697088525,-0.05323960630277401,0.02087070853143607,-0.3889272468644752,-0.2141036978584077,-53.602144513599356,-1.4152661500779256,-1.354708764511762,61261.007000000005,0.4917885420143228,0.5082114579856771,-0.016422915971354368,0.16716422248129692,5235.789659992493,0.04439975387974584,-0.7908188787770887
138,2025-08-16,117279.1,117857.1,117089.7,117329.7,46674.42,2025-08-16 23:59:59.999,5485340879.1925,1042735,22363.887,2628326778.8838,0.04305963887885067,0.058573841494769595,0.0004305037087676549,0.06544974714330248,119164.74285714285,2.3262792645635435,-0.8782653182665788,117336.72666666665,1.449780373253369,-0.0031773168919436087,0.0065405434429646435,-1.5853616540688398,-1.4309258322133682,-61.279652097726945,-1.4765505367640184,-1.2011495306631217,24310.533,0.4791465432243186,0.5208534567756814,-0.0417069135513628,-0.5973980407522903,5260.532042362153,0.0447615357689154,-0.7085239755832929
139,2025-08-17,117329.8,118558.0,117121.6,117353.8,54386.804,2025-08-17 23:59:59.999,6411151083.0242,1143753,26068.765,3073122879.2602,0.020540408779701202,0.018034366620474227,0.00020538299526564883,0.024937487530434344,118893.09999999999,2.0962056684803385,-0.7007902939074683,117318.64,1.4366176791190575,0.015916763143143157,0.012239910424715639,-1.0058669007148668,-1.208137645992468,16.523791832871183,0.15438322292811013,0.2732801487961609,28318.038999999997,0.4793215096809145,0.5206784903190855,-0.04135698063817095,-0.5698336581296637,5605.363293494487,0.04755117931931107,-0.13377013059914358
140,2025-08-18,117353.9,117499.4,114605.0,116183.6,147219.779,2025-08-18 23:59:59.999,17039158070.2288,3078165,69088.986,7995299306.2184,-0.9971556097885137,-0.6635897594629715,-0.010021605051977434,-0.6584539623771097,118541.91428571429,2.115728497261558,-0.9714080338583051,117264.28000000001,1.4479841111103442,-0.4875780747643491,0.024912293989857382,0.08254091184005376,0.3374537090780367,170.69025604078521,2.865803026679366,1.8903454047848172,78130.793,0.4692914666038182,0.5307085333961818,-0.061417066792363584,-1.2271901526807125,5535.492109821534,0.04782712395209484,-0.2874705078587571
141,2025-08-19,116183.6,116687.7,112666.6,112824.2,141024.287,2025-08-19 23:59:59.999,16131720046.5887,3133574,67997.774,7778182042.7296,-2.8914580026785264,-1.8054772303592517,-0.029340843423882143,-1.8193630330222712,117505.22857142857,2.200294570779852,-1.5034576051876232,117117.88666666667,1.5373876919600535,-1.8192785560627576,0.03564040338863463,1.0024083131701798,0.19620884596443963,-4.208328556178587,-0.363631418485054,-0.3394571882217278,73026.513,0.48217066327022096,0.517829336729779,-0.03565867345955809,-0.4010276735903595,5148.025879263965,0.04500429445738317,-0.9074631210886394
142,2025-08-20,112824.1,114569.0,112301.8,114220.5,130522.37,2025-08-20 23:59:59.999,14819274146.3868,2930095,64879.793,7366865522.6261,1.2375890987926352,0.8448840205186582,0.012299935683358942,0.844685182300902,116204.74285714286,1.8460572852209043,-1.0078384451546216,117014.23,1.556809210787394,-1.1553714552991534,0.01984932652194656,-0.3928796186574195,0.01617053697571609,-7.446885372304712,-0.3815459143254588,-0.27772888372781585,65642.57699999999,0.49707795682839656,0.5029220431716035,-0.005844086343206878,0.5475639520884207,5057.60876230525,0.04454543965298053,-0.9971023489628674
143,2025-08-21,114220.5,114777.0,111944.0,112462.2,96406.356,2025-08-21 23:59:59.999,10907840294.1414,2397213,47004.863,5318559666.8512,-1.5393909149408413,-0.8818684599630543,-0.015513625560380625,-0.8786364992551743,115379.02857142857,1.3186979420151514,-1.3421040655269474,116763.18,1.5134616830964536,-1.728695252466082,0.025190686292816608,0.12493290037696468,-0.5447709785165409,-26.138058939628507,-0.6982307217908089,-0.39771635009822004,49401.493,0.4875701660168547,0.5124298339831452,-0.024859667966290577,-0.02577478976993975,4550.217395843172,0.04021601584840396,-1.69023534293912
144,2025-08-22,112462.2,117397.4,111625.9,116897.5,199447.977,2025-08-22 23:59:59.999,22883791440.7028,3835737,99642.896,11432576389.3177,3.943814010396385,2.3669553841988353,0.03868031726568708,2.32928046917532,115324.5,2.191170183289174,0.7413224102718261,116702.64666666667,1.6821218443958303,0.07918138228195307,0.049372313351440364,2.0878490601718505,1.2419702421829053,106.88260118451112,1.6743588710031234,0.9689071312951919,99805.08100000002,0.49959341527941387,0.5004065847205861,-0.0008131694411722679,0.7317601037161838,5965.9438174991665,0.05199730247407474,0.6388596904362093
145,2025-08-23,116897.5,116988.0,114510.0,115377.1,78419.415,2025-08-23 23:59:59.999,9054235281.6278,1536323,37863.987,4370908825.1067,-1.3006266173356984,-0.7255707935725481,-0.013091588275350622,-0.7221663058520064,115045.55714285714,2.242355622990098,0.1713923578707616,116605.40666666668,1.697077248776301,-0.5006527795934105,0.021477398894581334,-0.27243955287377036,-0.8373108896725473,-60.681769662672494,-1.3023944929145979,-1.0881339317743306,40555.42799999999,0.4828394473485935,0.5171605526514065,-0.03432110530281296,-0.3450012242699593,5893.445116442181,0.05104357286846581,0.5560308681836192
146,2025-08-24,115377.1,115640.0,110484.0,113446.3,133388.002,2025-08-24 23:59:59.999,15148067971.3495,2638475,62689.861,7122684907.1293,-1.6734689986141138,-0.9119843309717999,-0.01687629696626154,-0.9115410567699109,114487.34285714287,2.3029023554578307,-0.6095716424008597,116467.5,1.7198090539658317,-1.2026544299341746,0.045448815871473994,1.6426967654379314,0.21009734131069044,70.09563511791055,1.036538300300919,0.41710717889573534,70698.141,0.46998125813444597,0.530018741865554,-0.060037483731108066,-1.1696693990981952,5741.22095958821,0.050554961483432664,0.3807160927912603
147,2025-08-25,113446.2,113621.3,109219.8,110064.0,204839.785,2025-08-25 23:59:59.999,22818722034.3374,4182903,97227.324,10831873150.4421,-2.981410588093225,-1.541209084269053,-0.030267582424243922,-1.5557951677612567,113613.1142857143,2.49420223573285,-1.6188520465209864,116206.65999999999,1.7962092180575902,-2.2304417946131547,0.03999036923971507,1.1249452028210734,1.4750520178255941,53.56687402814535,0.6887754073635286,0.5843996463660105,107612.46100000001,0.474650586066569,0.5253494139334309,-0.05069882786686197,-0.8134923722784466,5455.235761942698,0.04897072320347854,-0.12325699703615538
148,2025-08-26,110064.1,112330.0,108559.7,111709.9,145041.438,2025-08-26 23:59:59.999,15983443440.8915,3465884,71412.185,7870638924.216,1.495402674807389,0.9444137448093414,0.014843317623691338,0.946052706494011,113453.92857142857,2.4144211164849807,-0.7592158474704533,115949.54333333332,1.802189208044545,-1.5125532370610257,0.033750813491015594,0.573965591777894,0.2967846910948694,-29.192740560628884,-0.8105260374871989,-0.7210759273169013,73629.253,0.4923571221074077,0.5076428778925923,-0.015285755785184652,0.40717535758598805,4611.649853512553,0.04184832441016491,-1.5431859826096714
149,2025-08-27,111710.0,112568.5,110306.9,111194.9,114205.122,2025-08-27 23:59:59.999,12739237648.6494,2613099,57009.686,6360193223.3745,-0.4610155411472028,-0.1547461466351416,-0.004620814951973853,-0.1463764196157343,113021.69999999998,2.3398102610746476,-0.7577858032989493,115721.32666666666,1.7939898121203697,-1.5588531860988797,0.020339062313109738,-0.5212327110916442,-0.3053922988086031,-21.260349059694228,-0.6239708909374895,-0.5510588925723318,57195.436,0.4991867702746292,0.5008132297253708,-0.0016264594507415797,0.824925641536056,4875.145430253274,0.04370485848412173,-1.0289914894415666
150,2025-08-28,111194.9,113429.0,110811.0,112507.3,97630.277,2025-08-28 23:59:59.999,10988621821.8074,2252826,48243.477,5429943327.6128,1.1802699584243515,0.7289380686077397,0.011733590972795069,0.7330063478669215,113028.14285714286,2.3370395386011977,-0.21620503924757206,115541.67,1.8111998104458342,-1.035253014220641,0.023269601172546138,-0.2924828502498353,-0.6121294419264945,-14.513223846475121,-0.4837416366105959,-0.4781945049131095,49386.8,0.49414462892489797,0.505855371075102,-0.011710742150204068,0.42692343591749154,4877.705522666819,0.04333680319740628,-0.9816939681665259
151,2025-08-29,112507.3,112585.7,107411.4,108332.4,179725.172,2025-08-29 23:59:59.999,19688668760.0572,3720115,85606.138,9377659144.8823,-3.710781433738086,-1.7926690420349918,-0.03781383018827115,-1.8145837998831347,111804.55714285714,1.960452244183769,-1.5173429615277174,115227.05,1.9248776749735896,-2.168448064004086,0.047763180728941694,1.5816994995127565,0.9218359748954574,84.08753669724811,1.2448648153370474,1.2828905592926592,94119.03399999999,0.47631690679366834,0.5236830932063317,-0.047366186412663325,-0.8216283607604233,5292.489280588692,0.048311724771949255,-0.2598502501831942
152,2025-08-30,108332.4,108879.6,107281.0,108757.9,60656.883,2025-08-30 23:59:59.999,6572709736.3117,1397811,29582.419,3205457675.0864,0.39277261465637814,0.3047103880188022,0.003920032768630468,0.3127049321874107,110858.95714285714,2.029718025828089,-1.105354551728476,114995.73666666666,1.907056775442303,-1.8402741925609212,0.014698702347139894,-0.9507725979629011,-1.2559964847551612,-66.25020172466436,-1.3488692431838059,-1.339516942883289,31074.464,0.4877009423646118,0.5122990576353882,-0.024598115270776377,-0.02893552568934447,4702.144808068973,0.043394194923348006,-1.1876689364789672
153,2025-08-31,108758.0,109439.9,108021.0,108208.4,70149.546,2025-08-31 23:59:59.999,7626942442.611,1474441,35849.92,3897678579.9297,-0.5052506530560108,-0.19792313562921235,-0.005065313598422371,-0.18888788981303817,110110.6857142857,1.9958420352705053,-1.0955507168763576,114827.85666666666,1.873151858678414,-1.8399291144541785,0.013112660384960818,-1.0125730355322728,-1.0239540939254268,15.64977052975176,0.09430939721181146,0.24180712837982477,34299.626000000004,0.5110499218341341,0.4889500781658659,0.022099843668268226,1.5119487790708999,5172.768827380004,0.047577045131002194,-0.3723928451673547
