date,spot_volume,spot_return,spot_log_return,spot_z30d_return,spot_z30d_logreturn,spot_z30d_price,spot_z30d_volume,spot_z30d_vol_change,spot_z7d_price,spot_z7d_vol_change,ema200,above_ema200,open,high,low,close,prep_volume,quote_volume,taker_buy_volume,taker_buy_quote_volume,prep_normal_return,Z_prep_30d_return,prep_log_return,Z_prep30d_logreturn,prep_7d_rolling_mean,prep_7d_rolling_volatility,z_prep_7d,prep_30d_rolling_mean,prep_30d_rolling_volatility,z_prep_30d,z_prep_volume,prep_volume_change_%,z_prep_30d_volume_change,z_prep_7d_volume_change,taker_sell_volume,buy_share,sell_share,OFI,z_prep_OFI,prep_average_trade_volume_inU,prep_average_trade_volume_inbtc,z_prep_30d_average_trade_inU,funding_mean,funding_first,funding_last,funding_std,z30_funding,z7_funding,funding_sign,sign_changed,funding_streak,daily_funding_sum,cumfund_7d,funding_extreme_pos,funding_extreme_neg
2025-05-02,14905.74811,,,,,,,,,,96887.14,False,96423.2,97865.4,96283.1,96831.2,139197.526,13503167893.5523,68734.402,6668888338.8506,0.0,,0.0,,,,,,,,,0.0,,,70463.12400000001,0.4937903996943164,0.5062096003056836,-0.0124192006113672,,6027.53530907632,0.0621349011961627,,-0.00010101,-0.00012232,-8.689e-05,1.877746788041455e-05,,,-1,0,2,-0.00030303,,False,False
2025-05-03,9723.34838,-1.0638357164841517,-0.0106953490468046,,,,,,,,96876.884079602,False,96831.2,96868.4,95700.0,95803.3,71420.629,6871382895.5311,34360.578,3306264200.8317,0.0,,0.0,,,,,,,,,0.0,,,37060.051,0.4811015876099327,0.5188984123900673,-0.0377968247801345,,5692.358776340377,0.0591659423555492,,-1.4126666666666666e-05,-5.953e-05,-1.483e-05,4.575905411318435e-05,,,-1,0,3,-4.238e-05,,False,False
2025-05-04,11036.38342,-1.6470466975503584,-0.0166076131092112,,,,,,,,96851.02075542686,False,95803.3,96266.6,94116.4,94230.2,94260.877,8988011491.011,46059.52,4393531982.4587,0.0,,0.0,,95736.1,0.7370040209796193,-1.3545946401204678,,,,,0.0,,0.2357520089829049,48201.357,0.4886387806470334,0.5113612193529666,-0.0227224387059331,,5798.043769762866,0.0608064076429833,,2.448e-05,3.7e-06,3.745e-05,1.818000825082321e-05,,,1,1,1,7.344e-05,,False,False
2025-05-05,17251.18189,0.4837415284772772,0.00482575258787,,,,,,,,96829.95268820868,False,94230.2,95165.1,93445.1,94696.7,154902.375,14600852881.6568,78619.623,7411253704.9874,0.0,,0.0,,95184.51428571428,0.7495973915201322,-0.4972383111682694,,,,,0.0,,-0.1962773564456552,76282.752,0.5075430444497704,0.4924569555502296,0.0150860888995407,,6175.944444134781,0.0655214096065857,,-3.383333333333334e-06,-2.404e-05,-2.247e-05,3.4427687016895766e-05,,,-1,1,1,-1.0150000000000004e-05,,False,False
2025-05-06,16122.64513,2.2170995574119168,0.0219287924377574,,,,,,,,96829.99315897278,True,94696.7,96879.5,93327.0,96798.9,173683.066,16444015298.9578,87234.117,8263124302.7006,0.0,,0.0,,95322.12857142856,1.1332036291955765,1.2985337691451413,,,,,0.0,,-0.6299151614091716,86448.949,0.502260347016214,0.497739652983786,0.004520694032428,,6431.387244306366,0.0679288504003773,,2.391666666666667e-05,1.978e-05,7.57e-06,1.876023009809137e-05,,,1,1,1,7.175000000000001e-05,,False,False
2025-05-07,16644.83854,0.2029038967916507,0.0020269832486365,,,,,,,,96831.98825191832,True,96798.9,97700.0,95718.5,96988.4,185267.142,17927424779.6889,92439.664,8946083419.8699,0.0,,0.0,,95885.45714285714,0.8166128585202999,0.8688862048530217,,,,,0.0,,-0.5030900584093525,92827.478,0.4989533654057232,0.5010466345942768,-0.0020932691885535,,6544.5563882618035,0.0676333200452088,,8.376666666666667e-06,1.218e-05,1.32e-05,7.488299762518414e-06,,0.4151280885273593,1,0,2,2.513e-05,-0.00017278,False,False
2025-05-08,34962.02847,6.421795208723036,0.062240212129403,,,,,,2.1104862920095435,,96895.96448821764,True,96988.4,104305.3,96831.5,103228.1,317422.469,31823810370.5613,167054.489,16750638859.9604,0.0,,0.0,,98389.64285714286,2.4210506821638,1.4221834494149048,,,,,0.0,,-0.491373970865502,150367.97999999998,0.5262843853690774,0.4737156146309226,0.0525687707381548,,7157.868184715057,0.0713952278345205,,4.2180000000000006e-05,2.318e-05,5.728e-05,1.7381311803198283e-05,,1.0287160046723396,1,0,3,0.00012654,-5.869999999999999e-05,False,False
2025-05-09,27617.39907,-0.2804624371499198,-0.002808564699583,,,,,,1.3709870514196227,-0.763139313727054,96956.42245350902,True,103228.0,104373.0,102240.0,102941.9,172883.922,17811570329.7221,84963.515,8754550700.1199,-0.2772500898495789,,-0.002776351397767,,99567.52857142856,2.447304093755989,1.0111465084543283,,,,,-45.535071116846495,,-1.5121767432190798,87920.40699999999,0.4914483314417173,0.5085516685582827,-0.0171033371165654,,5599.747461306547,0.054352664329924,,8.126e-05,0.0001,4.378e-05,3.245863213384076e-05,,1.9729471919034287,1,0,4,0.00024378,0.00048811,False,False
2025-05-10,15324.78611,1.7845046988020696,0.0176876933678977,,,,,,1.287850031352327,-1.1626772853871157,97034.56282710595,True,102941.9,105000.1,102784.0,104788.8,104384.537,10820371034.8627,53276.115,5524151294.8332,0.0,,0.0,,102700.85714285714,2.4377364464193487,0.7889489362049805,,,,,0.0,,0.0518508304887548,51108.422,0.5103832093445028,0.4896167906554972,0.0207664186890055,,5466.620170764234,0.0527366957788731,,7.971333333333333e-05,9.657e-05,4.257e-05,3.2212755755031794e-05,,1.403815153402336,1,0,5,0.00023914,0.00076963,False,False
2025-05-11,17987.12197,-0.6597968715249425,-0.0066198315306769,,,,,,0.8596347278774484,0.0184303911682313,97105.0447890253,True,104788.8,104950.0,103283.3,104072.7,139136.421,14486322662.4281,67115.638,6988278773.1364,0.0,,0.0,,103833.55714285714,0.7813968355829981,0.2967709254957049,,,,,0.0,,0.2746223591710844,72020.783,0.4823728935790292,0.5176271064209708,-0.0352542128419415,,5674.891012642706,0.0545054837907239,,8.05e-05,0.0001,0.0001,3.377499074759311e-05,,1.0661550814624512,1,0,6,0.0002415,0.00093769,False,False
2025-05-12,31272.77792,-1.274208110028996,-0.0128239576779249,,,,,,0.3320078970228734,1.0076164894614312,97161.62464187085,True,104072.7,105863.1,100678.0,102739.3,256542.699,26551603069.1406,125366.635,12980428383.5514,0.0,,0.0,,103734.78571428572,0.9419160882346174,-1.0839171912534251,,,,,0.0,,-0.2890559724248066,131176.064,0.4886774618364797,0.5113225381635202,-0.0226450763270406,,6364.844178398711,0.0614973905714422,,5.585e-05,4.454e-05,2.301e-05,3.9721557119528944e-05,,0.1000960282742054,1,0,7,0.00016755,0.00111539,False,False
2025-05-13,21253.42409,1.2767615008738131,0.0126867961942682,,,,,,0.5269972570637914,-0.8259614317402542,97230.7002175736,True,102739.3,104949.2,101400.0,104082.0,162368.328,16783134050.1225,80743.479,8346771098.0106,1.3069000859456947,,0.0129843383065803,,103897.65714285712,1.0685567083176462,0.2160750264182237,,,,,-36.709043510920566,,-0.9997440335564478,81624.849,0.4972858930960969,0.5027141069039031,-0.0054282138078061,,5576.912984211943,0.0539538106496488,,8.034333333333333e-05,6.847e-05,7.256e-05,1.7145565996295763e-05,,0.7425451129739393,1,0,8,0.00024103,0.00128467,False,False
2025-05-14,16452.9081,-0.5724099004339123,-0.0057405444459628,,,,,,-0.1993804176994266,-0.5792861956052987,97293.15912088136,True,104082.0,104319.0,102536.0,103458.1,126264.097,13068576865.3795,61671.893,6383482493.223,-0.5994312176937355,,-0.0060123501859358,,103606.58571428571,0.8113840176005511,-0.2341442382986339,,,,,-22.236005903811495,,-0.7665273260134579,64592.204,0.4884357031437052,0.5115642968562948,-0.0231285937125895,,5709.232911558196,0.0551606456897587,,6.879333333333332e-05,9.921e-05,3.175e-05,3.421472538737281e-05,,-0.0712374827812784,1,0,9,0.0002063799999999,0.00146592,False,False
2025-05-15,17998.98604,0.2472180362797615,0.002469129551993,,,,,,0.0569104641196294,0.3022498392947998,97357.54271171836,True,103458.1,104162.8,101270.8,103714.5,176344.106,18109801387.1545,87513.73,8988229367.1175,0.0,,0.0,,103606.92857142857,0.5771127036719347,0.2336662053628344,100053.16,,0.9199989905323418,0.2056518379716427,0.0,,0.1163676907721855,88830.376,0.496266827313185,0.503733172686815,-0.0074663453736298,-0.163554585729209,5560.953567264785,0.0541497592581219,-0.941581509613962,3.251e-05,2.978e-05,1.439e-05,1.9627911249035133e-05,,-2.1099109649773817,1,0,10,9.753e-05,0.00143691,False,False
2025-05-16,15683.88024,-0.2889353127408567,-0.0028935353660749,,,,,,-0.5187711400124893,-0.2822840539617324,97418.30248573112,True,103714.2,104524.2,103062.3,103412.2,115513.049,11990203384.412,57430.06,5961446585.3613,0.0,-0.1739196065361529,0.0,-0.1709797871731002,103607.37142857142,0.2728296715583962,-0.787035917259229,100519.08666666668,1.3952408743245093,0.7352529734786688,-0.7134549713925137,0.0,-0.0958907108525027,0.1053239507280201,58082.989,0.4971737868333819,0.5028262131666181,-0.0056524263332361,0.0407239828259118,5204.456303888214,0.0501394844420214,-1.4420413519278723,5.6023333333333336e-05,4.504e-05,4.768e-05,1.6789354762269255e-05,,-0.5302344450510957,1,0,11,0.00016807,0.0013612,False,False
2025-05-17,11250.89622,-0.325959102643536,-0.003264915065874,,,,,,-0.8718406067575692,-0.776657751612974,97475.10196348504,True,103412.2,103658.0,102541.6,103079.6,90372.669,9316018419.6171,44461.16,4583342965.4596,0.0,-0.1557607732723777,0.0,-0.1524349795861652,103410.1,0.1961117927465732,-1.2703835181858207,100935.64666666668,1.398541312495407,0.5569600502955212,-1.0312007839149049,0.0,-0.0990591415514685,0.1027078000501383,45911.50899999999,0.4919757321762845,0.5080242678237155,-0.016048535647431,-0.4014730609656854,4903.750877534433,0.0475702209841802,-1.6824034021389516,2.2526666666666666e-05,2.821e-05,5.97e-06,1.4571425233426325e-05,,-1.64123985332763,1,0,12,6.758e-05,0.00118964,False,False
2025-05-18,21599.98726,3.22672170578604,0.0317575648000751,,,,,,2.1250739511748673,1.5810895775552096,97564.44681956976,True,103079.5,106629.8,103052.2,106407.6,173224.284,18124062039.3125,89890.052,9409858684.5056,0.0,-0.2437845551374021,0.0,-0.2416511812649293,104216.1857142857,1.2672041931669893,1.4485110099142582,101642.6,1.480165846861392,1.2492366488146975,0.1746813670306307,0.0,-0.2290173668379461,-0.1246292791944025,83334.23200000002,0.5189229242246427,0.4810770757753573,0.0378458484492854,1.6558090580740528,5515.0928255084955,0.0527115832984913,-0.5776640029972417,7.548333333333333e-05,6.742e-05,0.0001,2.164250986677223e-05,,0.9761124013775472,1,0,13,0.00022645,0.00117459,False,False
2025-05-19,30260.03524,-0.8271345834351629,-0.0083057432217508,,,,,,1.0357724132116293,0.7394633513754384,97644.14127907656,True,106407.5,107114.3,102038.8,105531.6,257825.604,26840364600.388,126416.817,13162993464.0348,-0.8232494671433277,-0.8359052681847919,-0.0082665687945785,-0.8504062723028532,104475.77142857145,1.3435621197991905,0.673636138009518,102019.31333333334,1.4491870211234266,0.9730400923887969,1.481288291721407,48.83918007708432,1.1633618332384597,0.8428463776591771,131408.787,0.4903190956938473,0.5096809043061526,-0.0193618086123052,-0.7420408994081631,6023.531986088613,0.0578613888316616,0.2973676452982801,4.713333333333333e-05,5.99e-05,2.11e-05,2.254691405344273e-05,,-0.372776182611729,1,0,14,0.0001414,0.00114844,False,False
2025-05-20,23705.48275,1.2088706907607882,0.012016222070838,,,,,,1.3853053915779578,-0.6734178063829933,97735.74176386186,True,105531.5,107292.5,104115.2,106800.1,226187.246,23924084086.0768,116062.335,12276681726.7015,0.0,-0.2826213422068718,0.0,-0.2815925878342161,105794.0285714286,1.3346204714949657,0.7684952027618935,103202.92,1.4567139286635409,1.2886921782592475,0.7684297686203192,0.0,-0.1755544450376885,-0.4841681609350209,110124.911,0.5131250194363302,0.4868749805636698,0.0262500388726603,1.1072548074503186,6071.783560121791,0.0574049145133745,0.3823225084179139,5.583666666666667e-05,8.378e-05,1.266e-05,3.792828012622419e-05,,0.2664466420483417,1,0,15,0.00016751,0.00107492,False,False
2025-05-21,45531.040345,2.614880918566298,0.02581277442421,,,,,,1.7524917075829414,1.3145762266238734,97854.23179606225,True,106800.0,110830.0,106037.9,109609.5,413589.854,44576303267.8202,209506.079,22586385067.0068,0.0,-0.2881837836532608,0.0,-0.2871106918289697,107184.28571428572,1.136407319944834,1.395380481788282,104056.96,1.4760888080178634,2.0927942509167035,2.547423258639556,0.0,-0.2269852439508921,-0.4869977112396771,204083.775,0.5065551704757245,0.4934448295242755,0.013110340951449,0.5412858772686638,7201.629930863175,0.0668184854578988,1.9890581466866533,7.011e-05,8.767e-05,5.119e-05,1.8277986760034595e-05,,1.0616876162261446,1,0,16,0.00021033,0.00107887,False,False
2025-05-22,31630.77313,1.8717122570968137,0.0185441127291967,,,,,,1.608088837461821,-0.8872108884018626,97991.96292246958,True,109609.6,111959.5,109153.4,111662.7,246067.033,27295716075.3018,124614.99,13824511909.0629,0.0,-0.3211468960955796,0.0,-0.32036256475433,108810.8857142857,1.0971609858224547,1.1581281333852944,105035.24666666666,1.4986884524445916,2.58112049380199,0.5466589051037751,0.0,-0.1781502241202212,-0.1139792677478461,121452.043,0.5064270027590408,0.4935729972409591,0.0128540055180816,0.4862975198973014,5917.9295173034025,0.0533493004473182,0.0869583661680658,0.0001,0.0001,0.0001,0.0,,1.7341029098352263,1,0,17,0.0003,0.00128134,False,False
2025-05-23,31737.72309,-3.919479452346686,-0.0399835903745315,,,,,,0.0291141536049034,-0.3717449015526154,98084.76229637535,True,111662.6,111770.4,106721.9,107271.5,279480.347,30543709259.4438,136446.687,14911670323.1349,0.0,-0.1082598148978445,0.0,-0.1020592466623156,109126.78571428572,2.075528526313891,-0.8977413389576497,105304.80666666666,1.2540716570561736,0.7633747833598638,0.9955966558111828,0.0,-0.1336917808124782,-0.2155581056115039,143033.66,0.4882156776483464,0.5117843223516536,-0.0235686447033072,-0.9091966780434024,6178.73205713921,0.05653649216869,0.7172193633885469,8.398666666666666e-05,9.321e-05,8.614e-05,1.0467455915041312e-05,,0.8009846275381924,1,0,18,0.0002519599999999,0.00136523,False,False
2025-05-24,16782.53129,0.4133591381898505,0.0041250715632717,,,,,,-0.0657050327792027,-1.1278977716195568,98181.05232327712,True,107271.6,109440.2,106836.0,107698.9,165158.758,17895241893.0697,79136.43,8574692907.3595,0.3984282871032807,0.1917340322376259,0.0039763666360808,0.1971050374470005,109255.18571428572,2.078379188822258,-0.8102546980560945,105463.37333333332,1.252464709963606,0.8690918612820631,-0.3645744780424146,-40.90505476580076,-1.308520753952539,-1.0375214786608709,86022.32800000001,0.4791537001022979,0.5208462998977021,-0.0416925997954041,-1.6512908939873183,6303.682961288864,0.0581779477993768,0.8974919812155242,5.317e-05,3.524e-05,7.837e-05,2.246528210372618e-05,,-0.9298008305886136,1,0,19,0.00015951,0.00145716,False,False
2025-05-25,17710.04695,1.152800650990682,0.0114620653391485,,,,,,0.3654140263282711,-8.85493969968206e-05,98288.74523548332,True,107699.0,109285.1,106497.0,108955.9,159465.803,17159184232.0091,76863.251,8270758952.8013,0.0,-0.1117671460824009,0.0,-0.1056279017672929,108502.1857142857,1.6424373058582251,0.2896677368424455,105899.74666666666,1.2292429712693336,1.140351890012725,-0.4901959003006672,0.0,-0.1783981637398375,0.2585815540170388,82602.55200000001,0.4820046025792752,0.5179953974207248,-0.0359907948414495,-1.1416558113173148,5838.977515127822,0.0542634909421787,-0.0577701462102776,6.186e-05,9.794e-05,3.651e-05,3.208988781532276e-05,,-0.3205602404405979,1,0,20,0.0001855799999999,0.00141629,False,False
2025-05-26,14649.11593,0.3950306864350716,0.0039425248895826,,,,,,0.3720320873184336,-0.3218338880895762,98399.6511535382,True,108956.0,110400.0,108616.6,109386.8,146992.22,16103265896.3352,73695.689,8074191754.9952,0.0,-0.1420732865383647,0.0,-0.1358775421023979,108479.24285714285,0.4335864784152568,1.0169878677322626,106254.02,1.2201508004630095,1.131846579096416,-0.6537160135854813,0.0,-0.1393501090964259,0.4955376362552886,73296.531,0.5013577521313712,0.4986422478686287,0.0027155042627424,0.4496165150848664,5799.666099303713,0.0529399316066318,-0.1477707337330443,9.037666666666669e-05,7.331e-05,9.782e-05,1.4820304765197418e-05,,0.999053988876402,1,0,21,0.00027113,0.00154602,False,False
2025-05-27,21276.65635,-0.4538044985511469,-0.0045483731700125,,,,,,-0.1235304651599464,0.8033610330834762,98504.5120375826,True,109386.8,110700.0,107438.0,108889.3,223599.905,24452829099.8677,109504.224,11977737990.2288,0.0,-0.1680796993979681,0.0,-0.1619401177288777,108880.41428571429,0.5082905688277618,0.0157063052433587,106664.02,1.1952537471952909,0.8343055279546113,0.3285883068394244,0.0,-0.1148862679453923,-0.2830100759294812,114095.681,0.4897328735448255,0.5102671264551745,-0.0205342529103489,-0.6121892243348049,6015.018119189279,0.0550021216167285,0.3107546063308807,5.797333333333333e-05,7.65e-05,2.476e-05,2.8827600200733563e-05,,-0.9689723671777242,1,0,22,0.00017392,0.0015524299999999,False,False
2025-05-28,15633.78829,-1.0615103962183348,-0.0106718460844975,,,,,,-0.7202699399098551,-0.5428043756881384,98596.82316158676,True,108889.2,109252.6,106723.9,107723.1,158417.759,17119395349.8769,77490.091,8375382654.4362,0.0,-0.1015126919259431,0.0,-0.0955423033127941,108707.75714285715,0.4704199314803747,-1.3951248849137363,106906.76,1.1982214914429796,0.3160714046015075,-0.4878398973723205,0.0,-0.1240844326446588,-0.0883875690598488,80927.66799999999,0.4891502789153835,0.5108497210846166,-0.021699442169233,-0.6075174760491716,5688.145496031415,0.0526363953826044,-0.3396671062275438,3.597333333333333e-05,3.26e-05,5.368e-05,1.6284192744294492e-05,,-1.5575848257997358,1,0,23,0.0001079199999999,0.00145002,False,False
2025-05-29,19834.70116,-2.033766746104948,-0.0205473253252083,,,,,,-1.819042859143853,0.9083684068421244,98666.40452316302,True,107723.1,108860.0,105054.2,105539.9,213101.255,22850297579.7762,103190.568,11066419508.3205,-2.0266776578097057,-1.674114480869017,-0.0204749653744391,-1.681590408480402,108219.75714285715,0.8360525137126101,-1.9531431369498191,106976.15333333332,1.2548350125386465,-0.5713092872379885,0.1653313206605646,34.518539048390416,0.9193024946394798,1.0051475979019406,109910.687,0.4842325682220876,0.5157674317779124,-0.0315348635558246,-1.024875133308422,5908.086262566465,0.0550986521206392,0.0767920333832113,4.792333333333333e-05,3.186e-05,8.379e-05,3.111768361130586e-05,,-0.7621137565841518,1,0,24,0.00014377,0.0012937899999999,False,False
2025-05-30,23706.49799,-1.5193425498213675,-0.0153100281575464,,,,,,-1.7488646754142951,0.5705347184562057,98719.33064731063,True,105539.9,106266.0,103555.0,103950.0,219701.302,23083176001.5792,106922.492,11234606621.3492,0.0,-0.0121095061657259,0.0,-0.0058641921201329,106187.9,0.8655978400651911,-1.146324353910295,107061.24666666667,1.286922706796939,-1.2858178949617045,0.1790876391821964,0.0,-0.1484058933111281,-0.0655674370218084,112778.81,0.4866720908190157,0.5133279091809843,-0.0266558183619685,-0.7174272053046775,5546.0273759173115,0.0527860392925703,-0.6421967835311884,4.621e-05,2.622e-05,7.392e-05,2.4769362123397525e-05,0.0153858578502108,-0.6255283540257187,1,0,25,0.00013863,0.00118046,False,False
2025-05-31,11289.35922,0.5831583409529939,0.0058146455448111,,,0.154332575246061,-1.1380974689650214,,-1.0769279494499722,-1.545769595635866,98777.76397420307,True,103949.9,104859.3,103032.1,104544.7,103607.84,10771231013.7278,50579.791,5258359962.0428,0.0,-0.0344092724985317,0.0,-0.0281020883905188,105113.1857142857,0.9532031884518204,-0.4291593676548502,107136.74666666666,1.2894733076436289,-1.1188298482769243,-1.3013020760332,0.0,-0.1244728134135365,0.084663877615054,53028.049,0.4881849771214224,0.5118150228785776,-0.0236300457571551,-0.5305864562164505,4955.63033001913,0.0476679177781438,-1.6797531877412206,6.915e-05,8.506e-05,4.687e-05,1.987590752645021e-05,0.5512871873546192,0.6447759231146108,1,0,26,0.00020745,0.0012284,False,False
2025-06-02,13453.98813,1.2105241821831705,0.0120325593533741,0.4732219050786675,0.4836437031740592,0.3761278864442339,-0.8661938831470121,0.2663381112841512,-0.3462618422369752,0.4920877191383382,98848.21398441005,True,105583.3,105900.0,103600.6,105814.3,158252.918,16568774033.5745,78240.684,8191502071.4922,0.2187845994584325,0.0949067949139349,0.0021854561446506,0.1008438813445606,104846.69999999998,0.7767941042707492,1.223943393486803,107311.36000000002,1.2990225802527635,-0.7182729160951434,-0.6569396657233387,62.44357230078676,1.6938647567820215,1.8357478134884635,80012.23400000001,0.4944027888319885,0.5055972111680115,-0.0111944223360229,-0.0316211425763183,5532.508827316688,0.0528425135142445,-0.7219427892398134,3.139333333333333e-05,-6.42e-06,4.467e-05,3.322774493301243e-05,-0.8641700235128928,-0.8183411602590175,1,0,28,9.418e-05,0.00092457,False,False
2025-06-03,13259.52634,-0.4544767948078454,-0.0045551268035746,-0.4177934717508101,-0.4133742806795558,0.2113170661748178,-0.9189086844860156,-0.2352761629489151,-0.3655371425827599,-0.1717690396116904,98913.17593481392,True,105814.4,106775.0,104822.4,105330.1,139216.007,14728115908.7851,69730.139,7376563889.4207,-0.4575941059006161,-0.3711138780752543,-0.0045864427262137,-0.3641780066398943,104816.72857142858,0.7996109132746018,0.6724716711300464,107275.44333333331,1.1592678922466724,-0.9221858338263912,-0.885894020183524,-12.029421789239924,-0.5218136314932003,-0.3329378483096099,69485.86800000002,0.5008773093168805,0.4991226906831195,0.0017546186337609,0.6147939156684311,5649.649281365166,0.0534027311282178,-0.496502726072576,5.1756666666666665e-05,5.005e-05,4.456e-05,8.184560668315272e-06,-0.0992441652899554,0.583253892459751,1,0,29,0.00015527,0.00090592,False,False
2025-06-04,14034.89482,-0.645331248625769,-0.0064742251263659,-0.5447319500891041,-0.5425129284014278,-0.0371770645516474,-0.8471479648382184,-0.059546286204496,-0.5813700822746997,0.2482041735792023,98970.7250299899,True,105330.1,105967.2,104111.7,104641.8,118534.125,12459563151.8403,58621.741,6162868431.131,-0.6534694261184582,-0.5187856009372038,-0.0065561388493316,-0.5119303390175935,104915.55714285714,0.5677102305176392,-0.4075064676946814,107216.58333333331,1.164861569291764,-1.1927996830142524,-1.1127423378456265,-14.85596552126367,-0.5985695396009155,-0.3373069506820861,59912.384,0.4945558167321014,0.5054441832678986,-0.0108883665357971,0.1212738626778839,5592.491951798884,0.0532042040316727,-0.6206688323596304,1.1873333333333334e-05,-1.1e-07,9.62e-06,1.3254442022708213e-05,-1.8051306159207596,-1.5116576805160131,1,0,30,3.562e-05,0.00083362,False,False
2025-06-05,22321.50154,-3.0451534076571196,-0.0309248149110365,-1.6816894784209917,-1.7114239234883195,-1.082735189339313,0.1603437576794524,1.174093444177285,-2.038026249232159,1.418498174898657,98995.9783132736,True,104641.8,105878.3,100305.1,101458.6,246238.674,25426533952.9847,117166.339,12100737396.2756,-3.0419966017404154,-2.2796488402544997,-0.0308922558937549,-2.2932279435198706,104559.64285714286,1.319767643117707,-2.1198865569286793,107080.81666666668,1.2804087609870094,-2.3578139447336404,0.5439043934057102,107.73652650660723,3.0390392611953105,1.7623791259434065,129072.335,0.4758242768964879,0.5241757231035121,-0.0483514462070242,-1.6473229506274476,6171.392957241611,0.0597657400467565,0.5518713290104417,2.7003333333333333e-05,7.4e-07,5.156e-05,2.54529494034254e-05,-1.1784465763560346,-0.5238462746045482,1,0,31,8.101e-05,0.00077086,False,False
2025-06-06,15839.07385,2.7384456186406947,0.0270162096650293,1.2492115510961013,1.251387069991441,-0.3527007071277113,-0.6446602546919205,-0.845359321881809,-0.0293572659857722,-0.8877445378090603,99048.63962358928,True,101458.7,105283.0,101003.4,104240.0,174300.906,18075103218.6038,86445.603,8964620452.0324,2.741413739200027,2.004882214924372,0.0270450993145435,1.9752132910145408,104516.1142857143,1.7528375792955162,-0.1881044118670315,107037.76333333337,1.3831972348739603,-1.1538306857338836,-0.3546695724364541,-29.214650497996107,-0.9504261993160552,-0.890466624395893,87855.30299999999,0.4959561311746711,0.5040438688253289,-0.0080877376506578,0.2791575511874514,6210.895452620949,0.059892587686519,0.6161383166756222,-3.172e-05,-3.491e-05,-2.995e-05,2.7681582324715497e-06,-3.146320652370368,-1.936646751861267,-1,1,1,-9.516e-05,0.00053707,False,True
2025-06-07,8344.93206,1.2117450409652175,0.0120446218481455,0.4590499845683158,0.4691843328623156,-0.017214592889817,-1.4878637755455388,-1.1951216110269476,0.6854901271183323,-1.028293000250819,99113.35116962322,True,104240.1,105878.3,103800.1,105507.5,79833.173,8393331490.526,42203.459,4437639700.7316,1.2159439754412915,0.9014079057807848,0.0120861076201472,0.8984270360086083,104653.65714285716,1.815269404168631,0.5634649365355174,106994.67666666668,1.383628084644508,-0.6093581797090896,-1.46644335865578,-54.1980734167842,-1.5667486217488011,-1.0918760414172106,37629.71399999999,0.5286456420816444,0.4713543579183555,0.0572912841632888,2.9985655947328476,5555.396219544982,0.0528401514915845,-0.6733175816163373,-1.918e-05,-2.89e-05,2.94e-06,1.9203291384551764e-05,-2.3528055017166767,-1.1886818157958017,1,1,1,-5.7539999999999995e-05,0.0002720799999999,False,True
2025-06-08,8048.06305,0.1722845058106381,0.0017213626629398,0.0499847511040793,0.0576475487337182,0.0239619924314932,-1.4392395068780004,-0.1453284382596351,0.6674333441698115,-0.115606294435742,99179.22827241303,True,105507.5,106482.6,104927.4,105676.5,75105.104,7939013396.4349,38745.874,4096542593.3356,0.1601781863848517,0.1344652522632213,0.0016005003795352,0.1404160417061805,104666.97142857144,1.7772991217418186,0.6618774767141985,106957.22333333334,1.3840618977059975,-0.5222656703326563,-1.4130102476294686,-5.922436528985253,-0.2195085087648635,-0.2404515266469985,36359.23,0.515888693796363,0.4841113062036369,0.031777387592726,1.8726629312513117,5679.953779488025,0.0537338203151549,-0.3959602181967513,2.2730000000000004e-05,4.808e-05,-3.602e-05,5.103795156547723e-05,-0.8946085073793969,0.343120991269045,-1,1,1,6.819000000000001e-05,0.00028157,False,False
2025-06-09,19975.37451,4.2834093101556725,0.0419420963494116,2.263036232628207,2.2262062981837523,1.7495981001073493,0.0471469143353256,2.9297916252049867,1.8895016353760472,1.961628924074355,99289.51475726464,True,105676.5,110653.6,105253.2,110227.9,192956.409,20800388814.9273,103642.886,11174929159.9416,4.306917810487665,2.810132505566542,0.0421674999024529,2.7583929853117866,105297.4857142857,2.4101460764134046,1.8911204373314967,106977.83666666668,1.5219808971837203,1.311686386748824,0.1230613839372926,156.91517449999134,3.504380515725608,1.7218268578044844,89313.52300000002,0.5371310885040361,0.4628689114959639,0.0742621770080722,3.008022643442708,6487.547826034448,0.060182237114193,1.4249860237008347,1.639e-05,-2.164e-05,3.057e-05,3.328795427778643e-05,-1.0350168862633904,0.195317578609928,1,1,1,4.9170000000000005e-05,0.00023656,False,False
2025-06-10,17071.82839,0.0103117074065295,0.0001031117578652,-0.0989025769510936,-0.0905119430983303,1.6072307686402234,-0.3209771388989021,-0.4983122255534507,1.3209236073336346,-0.4712787689102543,99398.8169984859,True,110228.0,110367.2,108282.0,110235.4,152216.974,16647654303.5421,75668.024,8275759237.4893,0.0068040849911854,-0.0153566969609021,6.80385352382205e-05,-0.0080007024547681,105998.24285714285,2.3820830696710575,1.321023800298668,106998.7,1.5219767871778598,1.2930236223625995,-0.4129482766013425,-21.113284192597103,-0.5682343210646696,-0.5157948069164939,76548.94999999998,0.4971063476797273,0.5028936523202727,-0.0057873046405454,0.1956625224755238,5985.45179398016,0.0547276717482462,0.4720718253446034,8.179666666666667e-05,6.374e-05,8.165e-05,1.8130444929271134e-05,1.1458123555891158,1.9562188859872889,1,0,2,0.00024539,0.00032668,False,False
2025-06-11,13115.91638,-1.4774690660270262,-0.0148849235207292,-0.9177497194480168,-0.9170909267259512,0.9172091307225928,-0.7845247382995003,-0.6485810271332915,0.6222721019518789,-0.5252682633857275,99490.82001342632,True,110235.4,110350.0,108001.2,108600.0,134422.321,14691641846.5674,64951.236,7099898449.8342,-1.48355247044053,-0.9313873577736546,-0.0149466717541282,-0.931352480089216,106563.7,2.478055747396642,0.6214580898624668,106896.61,1.505106857804443,0.7202278618489288,-0.6761773730469424,-11.690321080748843,-0.3808543020698531,-0.4041227017955086,69471.08499999999,0.4831878777037334,0.5168121222962665,-0.0336242445925331,-0.749854192736818,5665.907638119468,0.0518406630954997,-0.3756678558015772,7.402666666666667e-05,8.779e-05,5.039e-05,2.0562150503615457e-05,0.856698237754921,1.257910484636201,1,0,3,0.00022208,0.00051314,False,False
2025-06-12,17778.67218,-2.7367911232460296,-0.0277493887872792,-1.5456912146677442,-1.5591791696657835,-0.2677243487083742,-0.1614531206433282,0.635721761023853,-0.6204507581637086,0.3931804549987502,99552.32160533256,True,108600.1,108782.1,105602.0,105609.5,185790.19,19916220925.2797,88829.222,9526203957.2966,-2.7536832412523027,-1.631004620402076,-0.0279230781528108,-1.64589117023782,107156.6857142857,2.409701957124257,-0.624685084015553,106694.83666666668,1.581956787012729,-0.4940871077859409,0.2991056254549845,38.21379412129031,0.741369767767365,0.3947423959263375,96960.968,0.47811578210884,0.52188421789116,-0.0437684357823199,-1.042510064545026,5997.3659958539565,0.0559469475684979,0.5180861833003746,3.4336666666666666e-05,1.856e-05,1.198e-05,3.318791095163016e-05,-0.407810359758236,0.2237215925472717,1,0,4,0.00010301,0.00053514,False,False
2025-06-13,26180.81734,0.3736666372359032,0.0037297023772628,0.161480154142397,0.170129061370539,-0.1393590620795209,0.8809615081269653,0.8326548900168647,-0.633608611439938,0.4123131153979867,99617.14019632428,True,105609.4,106141.1,102614.0,106027.3,245935.413,25704797377.6442,123623.272,12923131340.0448,0.3956083496276408,0.3000354025360732,0.0039482787752752,0.3072637263769905,107412.01428571428,2.2175806259254065,-0.6285751757571311,106653.36333333331,1.4159681155323829,-0.2849456018924408,1.5012508841344756,32.3726581042842,0.5892474336078084,0.1921198294955055,122312.141,0.5026656002566007,0.4973343997433993,0.0053312005132013,0.6781785264136924,5432.201528265253,0.0519735949179299,-0.9506269503912672,5.953333333333333e-06,-1.801e-05,3.857e-05,2.926575188395701e-05,-1.2653339414542264,-0.7429599952824953,1,0,5,1.786e-05,0.00064816,False,False
2025-06-14,8798.93969,-0.6146610351101089,-0.0061655785271072,-0.3781865353534392,-0.3708113177773511,-0.4355509580828169,-1.2485698029539816,-1.547352588106438,-0.9130282988394997,-1.2199440191111504,99674.82676153498,True,106027.3,106173.6,104225.4,105359.9,79911.57,8391666383.1509,39484.266,4146393733.0395,-0.6294605257325281,-0.4078689497637738,-0.0063144998145276,-0.4037126140650494,107390.92857142857,2.195133598399728,-0.9129011053025788,106589.64333333334,1.4201774728113794,-0.5573810709749852,-1.657938799349524,-67.50709097758117,-1.57029802377199,-1.1956254625315694,40427.304,0.4940994902240063,0.5059005097759937,-0.0118010195519873,0.0543051739632477,5205.254329552406,0.0495682295663004,-1.4534872742168503,2.317e-05,1.958e-05,1.135e-05,1.396546812677613e-05,-0.6847715708665755,-0.5058377503029087,1,0,6,6.951e-05,0.00077521,False,False
2025-06-15,7164.20047,0.170156630995466,0.0017001202861056,0.0523395237980568,0.0611667894231352,-0.3947820512606665,-1.35850519532634,-0.5235774791533645,-0.816275787808337,-0.4874489082482897,99733.72410719134,True,105359.8,106099.4,104399.9,105534.6,78819.399,8299752647.8676,39480.384,4157719404.9615,0.1658126099208567,0.1577834625071984,0.0016567529258482,0.1650598093190837,107370.65714285712,2.195202982138518,-0.8183537056411933,106517.5,1.4182772623303823,-0.4459315063819026,-1.5508512824628513,-1.3667244930865463,-0.1565781399005076,-0.2734838821097214,39339.01500000001,0.5008967906492157,0.4991032093507843,0.0017935812984313,0.4946741760585731,5136.869243513179,0.0487827726551968,-1.5281467179308077,1.722333333333333e-05,-3.641e-05,7.369e-05,5.510465800033e-05,-0.829254072166115,-0.6837879036558968,1,0,7,5.167e-05,0.00075869,False,False
2025-06-16,14922.6654,1.1369205507016922,0.0113050618075081,0.5523650579945512,0.5583244283925709,0.0624006145432867,-0.4324166996874276,1.906222961142814,-0.0694110740789135,1.7039645684923077,99803.98088224418,True,105534.7,108900.0,104920.0,106750.1,166813.219,17887208567.0373,85153.473,9131175475.7972,1.1517549694602502,0.816039208285217,0.0114517276428249,0.8209084719419789,106873.82857142856,1.308686321645609,-0.0666199997795609,106485.87333333332,1.435385962558276,0.1204647060192516,0.1472927602656324,111.63980075514152,2.089235483476369,1.770743879537548,81659.74600000001,0.5104719728476674,0.4895280271523325,0.0209439456953348,1.110820906958133,5705.978101777901,0.0532130304811856,0.0435973793445134,2.933e-05,9.36e-06,2.793e-05,2.070552824730632e-05,-0.4459067532218237,-0.3240721960745502,1,0,8,8.799e-05,0.00079751,False,False
2025-06-17,17866.33025,-2.100631933114927,-0.0212300913561666,-1.1504974327123183,-1.1541784503664323,-0.949272770429512,-0.1104766376475602,0.1487973442886106,-1.188030020907331,0.0889277009895249,99851.21659485866,True,106750.1,107727.4,103300.0,104508.0,226051.863,23808393905.4278,112258.832,11824212353.6119,-2.1003259013340547,-1.3451573363850564,-0.0212269653778422,-1.3568798336448809,106055.62857142858,1.423525941725665,-1.180821848994818,106337.61,1.4658761233952202,-0.8427931999149292,1.2149127227232912,35.51196023619687,0.5053979639935334,0.2886572388042698,113793.03100000002,0.4966065331653559,0.503393466834644,-0.0067869336692881,0.0743961184234476,5996.4587792914535,0.0569341503608318,0.8321789093383678,3.278e-05,1.847e-05,2.211e-05,2.1709737446592945e-05,-0.2925225865077379,0.0911554990786196,1,0,9,9.834e-05,0.00065046,False,False
2025-06-18,13968.64167,0.3210007119002211,0.0032048660451346,0.1989894055016484,0.2072473747417543,-0.7696028148286901,-0.5471996517891387,-0.6187600674164215,-0.9211879209878836,-0.6467792203841345,99901.32170336752,True,104508.0,105500.0,103426.1,104832.8,172706.399,18052952724.8775,86108.275,9001683114.4841,0.3107896046235625,0.2921985381916283,0.0031030765204599,0.2997682868532976,105517.45714285717,1.4310690587851294,-0.9230939823707782,106200.17333333334,1.4679123088976749,-0.6421004034591499,0.2039599787071192,-23.59877211009759,-0.6773888171362543,-0.735294552417608,86598.12400000001,0.4985818446715457,0.5014181553284542,-0.0028363106569085,0.1820936093685368,5607.43872813573,0.0536444406135802,-0.222986045899393,2.8783333333333333e-05,-1.752e-05,6.692e-05,4.2808284634324385e-05,-0.4038267369075012,0.4592967964584935,1,0,10,8.635e-05,0.00051473,False,False
2025-06-19,7678.60737,-0.2175583996381624,-0.0021779540173212,-0.1146203663269123,-0.1060990628316414,-0.8484082866201876,-1.2227456823136271,-1.0244621631784632,-0.9422673552259618,-0.8077036850646869,99948.6577063191,True,104832.8,105185.7,103870.3,104607.1,87710.605,9170655647.4608,43107.754,4507096083.9664,-0.2152952129486185,-0.0524338265772621,-0.0021552730627592,-0.0455890716876861,105374.25714285715,1.0279318321842223,-0.9422335938881344,106040.85,1.4647753378096742,-0.6957982452170376,-1.3144933181381098,-49.21403867612341,-1.1424481841693264,-0.8998450412701616,44602.850999999995,0.4914771024552846,0.5085228975447154,-0.0170457950894307,-0.3247955171666435,5709.418028057449,0.0546064020599751,0.068095223818232,1.2856666666666668e-05,8.45e-06,2.396e-05,9.683699361986271e-06,-0.8751195024651615,-0.9439852963352696,1,0,11,3.8570000000000005e-05,0.00045029,False,False
2025-06-20,16419.06283,-1.300036623845202,-0.0130856106109857,-0.6764759108519752,-0.6724452823854626,-1.3421960216098396,-0.1362338310643337,1.96294350776035,-1.605671169850751,1.4007738548899935,99981.98439580848,True,104607.1,106486.2,102255.3,103246.1,199102.135,20795551830.7014,97416.104,10175736757.0539,-1.3010589147390617,-0.7563595568689054,-0.0130959682256508,-0.7569286251743125,104976.94285714286,1.0815382036104295,-1.6053172499355324,105836.16,1.4797179954592508,-1.2813377950213167,0.678087003081491,126.99893017497716,2.0795637749281695,1.4173790139447926,101686.031,0.4892770436640471,0.5107229563359529,-0.0214459126719057,-0.4589832281044935,6689.014844973497,0.064042404237368,2.4124187962679997,4.609000000000001e-05,3.565e-05,2.4e-05,2.8767712804461883e-05,0.2442463154071056,1.8694574300559936,1,0,12,0.00013827,0.0005706999999999,False,False
2025-06-21,11154.21332,-1.1403706887229914,-0.0114692277493546,-0.5363512589054285,-0.5313021391219187,-1.6939201083844395,-0.8274164098515272,-0.7440997688924996,-1.6116697204564128,-0.7464209546226253,100003.25828241734,True,103246.1,103940.6,100789.9,102079.8,120771.35,12390156115.4865,58453.589,5997353377.9872,-1.1296310465964354,-0.6213624622082583,-0.0113605983837412,-0.6200280870393878,104508.35714285714,1.1171660441480582,-1.6080702363572068,105609.17666666668,1.4891097168488303,-1.7226170567568215,-0.6863471632095585,-39.34201157611896,-0.8885336831883854,-0.8708573822534897,62317.761000000006,0.4840021163959829,0.5159978836040171,-0.0319957672080341,-0.8314455724062239,6092.708371682244,0.0593878405038542,0.9246789366828044,4.45e-05,3.977e-05,7.44e-05,2.783802974350017e-05,0.272935573365399,1.2349078016537107,1,0,13,0.0001335,0.00063469,False,False
2025-06-22,28746.41072,-1.132138549535977,-0.0113859602263607,-0.4841582374081714,-0.47918552485355,-2.0558782089635237,2.040287636400045,2.5277780010194553,-1.5141119762189923,1.3957431870373962,100012.81660796543,True,102079.8,103362.6,98115.4,100904.7,293562.636,29530840749.9246,147071.521,14794588601.4875,-1.1511582115168784,-0.6062419465760344,-0.0115783532991562,-0.6049434704094563,103846.94285714286,1.1079291907538122,-1.5174915263506417,105343.02333333332,1.498464614378253,-2.0883840302186347,2.265447080314149,143.0730765202177,2.132913509609612,1.1955103744520224,146491.115,0.5009885556416656,0.4990114443583344,0.0019771112833311,0.3994030552226751,6056.253000595067,0.0602045031563192,0.8292746936006438,5.676e-05,2.883e-05,4.145e-05,3.797485088844985e-05,0.7780108326205523,1.5647409686299552,1,0,14,0.00017028,0.0007533,False,False
2025-06-23,27666.50609,4.3283404251441615,0.0423728593887924,2.5193995550298083,2.4900599713098357,-0.2046644637633303,1.9893290780376496,-0.2745772712964383,1.0125277873481715,-0.392619393426079,100065.76300987625,True,100904.7,106050.0,99547.6,105290.9,297222.041,30424122122.1681,150465.011,15408831229.477,4.346873832437925,2.5826699810408313,0.0425504886046859,2.553040574880058,103638.48571428572,2.14180689603084,1.014809007080464,105261.95,1.7071496985660468,0.0139372648520902,2.0700172987283953,1.246549986695178,-0.2383650417556926,-0.3383963632867912,146757.03000000003,0.5062377288499946,0.4937622711500053,0.0124754576999892,0.7418402171549533,6449.599588012514,0.0630080021860374,1.646926271893539,3.3966666666666675e-06,-1.061e-05,4.889e-05,4.0356165989019985e-05,-1.1416701213013891,-1.6365869745468635,1,0,15,1.0190000000000002e-05,0.0006755,False,False
2025-06-24,14651.69335,0.7111383767794521,0.0070862171209309,0.4302972253261676,0.4397832476269603,0.1349556622103146,-0.2475736255421778,-1.0261125672546607,1.1769560914179065,-0.7751953004486445,100125.6360147531,True,105291.0,106239.0,104570.8,106034.9,144449.887,15211187542.8234,71801.201,7561432835.249,0.706613771940412,0.4350457177247782,0.0070412895533105,0.4445312013831818,103856.6142857143,1.97824413364963,1.1766822558178145,105205.67666666668,1.712901417881175,0.4083769073756432,-0.316418180565673,-51.40000838632288,-1.0691553330935228,-0.7973087627641425,72648.68599999999,0.4970665086086222,0.5029334913913778,-0.0058669827827555,0.0469572134351938,5929.177987286356,0.0563052087718477,0.4125457257851222,9.7e-06,1.245e-05,4.47e-06,4.53132430973551e-06,-0.849633241531138,-0.9962892898362552,1,0,16,2.9100000000000003e-05,0.00060626,False,False
2025-06-25,16701.15551,1.185467982617383,0.0117849635445264,0.7018781962911251,0.7103950253541292,0.7109575183183533,0.1122686519278113,0.0285373377926252,1.3678478047062277,-0.1048126508811051,100197.4265021685,True,106034.9,108095.7,105755.6,107280.0,159277.823,17055576325.5144,81148.885,8689450609.2951,1.1742360298354626,0.6567427035890446,0.0116739537676712,0.6650186828580112,104206.21428571428,2.011211210530106,1.36392948826866,105263.68,1.684244919148124,0.976439270565706,-0.0569152092235455,10.265107372496596,-0.0445376212269293,-0.1213915996815202,78128.93800000001,0.5094801239215832,0.4905198760784168,0.0189602478431663,0.9035416704682168,6398.873388194731,0.0597575012108863,1.4173692548238106,1.7833333333333338e-06,-3.174e-05,9.62e-06,3.037294903912581e-05,-1.1029439328192594,-1.0828913223253074,1,0,17,5.350000000000001e-06,0.00052526,False,False
2025-06-26,10573.27279,-0.3666087885867641,-0.0036728244556723,-0.1749689568475055,-0.1680035742118584,0.6007837564480033,-0.9108458527938036,-0.8337272055570778,0.953968768489744,-0.7521647765263345,100264.58703448524,True,107280.1,108249.9,106500.0,106913.7,114433.386,12286992617.7236,56752.074,6094349716.9075,-0.3414429530201324,-0.2361872769761631,-0.0034202719976295,-0.2299307057782796,104535.72857142855,2.0176465096375984,0.95911590290879,105309.47333333331,1.6858739999826164,0.76888579050357,-0.715403758984091,-28.154853045674788,-0.6560115124346977,-0.6466118784672827,57681.312,0.4959398300073022,0.5040601699926978,-0.0081203399853955,-0.1297615776200667,5633.415853682217,0.0524661217711686,-0.2826282896747527,1.542666666666667e-05,1.41e-06,6.82e-06,1.977823129941941e-05,-0.5158068589212687,-0.4681294264381712,1,0,18,4.628000000000001e-05,0.00053297,False,False
2025-06-27,12232.44042,0.0939997789560553,0.0009395562683027,0.0792668948315719,0.0881087417265291,0.6981965893506784,-0.5818251621189189,0.0863000980234284,0.7540529479349444,0.0859219067389464,100332.07960130628,True,106913.8,107686.0,106313.1,107010.7,118637.45,12685404247.2056,60117.113,6428393390.6014,0.0907273810559328,-0.0115980409943642,0.0009068624864459,-0.0036650350167532,105073.52857142856,1.8950713533094043,0.7567190592591396,105411.49666666666,1.6598249152968572,0.7642603866919393,-0.6013819000269689,3.673808970399594,-0.1368167272883684,-0.0299881721175547,58520.337,0.5067296456557352,0.4932703543442648,0.0134592913114703,0.6352119553911091,6326.689273052704,0.0591689683411286,1.1912922729601898,2.1110000000000003e-05,1.113e-05,2.557e-05,8.659168551310222e-06,-0.2670564355355615,-0.0359287605305773,1,0,19,6.333e-05,0.00045803,False,False
2025-06-28,3282.17352,0.2327936574751499,0.0023252311283283,0.1350549219536808,0.1440294784645414,0.8291909262494398,-1.912328061441097,-1.3872849192005423,0.6310589875157713,-1.020606157661797,100401.3802022883,True,107010.6,107538.0,106767.0,107241.0,35670.419,3824571878.0348,18591.878,1993427515.9144,0.2152121236474569,0.0590796419890031,0.0021498087408193,0.067369688404894,105810.84285714284,1.7625460855119457,0.6266584178348298,105521.19666666668,1.6597982727075646,0.8191577159529839,-1.7594592174803476,-69.93325547708586,-1.2635565840517486,-1.025622090804223,17078.541,0.5212127729702306,0.4787872270297694,0.0424255459404612,1.5900643377148314,5118.586333162651,0.0477392306940777,-1.3913791300056135,3.108666666666667e-05,-1.161e-05,4.434e-05,3.785212059229091e-05,0.1593397851716953,0.6298944200543627,1,0,20,9.326e-05,0.00041779,False,False
2025-06-29,6831.7364,0.9880444699230884,0.0098319522617791,0.5242082507783347,0.5327641944039512,1.251570188138558,-1.2497523790999825,1.5534875523497167,1.4901944356136456,1.8835913320309947,100480.53990176802,True,107240.9,108499.0,107112.6,108309.8,79448.325,8563401844.1215,41552.003,4478823238.7637,0.996633750151532,0.5195277754175088,0.0099170010913172,0.5280219487130883,106868.71428571428,1.5575114896231057,1.4928110056340147,105646.7,1.665610379090663,1.238078130870404,-1.0617715485793977,122.72888075690952,1.6447416125526488,1.9879342996511944,37896.322,0.5230066587306906,0.4769933412693093,0.0460133174613812,1.58112696122018,6121.507869104313,0.0567932645842745,0.6978905201554262,5.5366666666666666e-05,1.25e-05,0.0001,4.377674420663708e-05,1.12294668869237,2.055150997254907,1,0,21,0.0001661,0.00041361,False,False
2025-06-30,9754.12491,-1.11707668351253,-0.0112336284308603,-0.7314443286150212,-0.7316975475783142,0.6473352443840326,-0.7359136185889237,0.4843185059363751,-0.0410853279282071,0.6390012184367868,100546.86786294446,True,108309.8,108783.9,106686.4,107087.4,114681.386,12341253790.3646,55900.03,6016047519.2797,-1.1286144005436372,-0.7269735624349604,-0.0113503158204545,-0.7274169848625474,107125.35714285714,0.80590932114565,-0.0567022088437869,105731.45666666664,1.6813497476053223,0.6288682095116426,-0.5335821483859687,44.3471413651578,0.4180404780894444,0.6132009127628539,58781.356,0.4874376910652265,0.5125623089347735,-0.0251246178695468,-0.930512757275988,6616.953652983331,0.0614881947095484,1.7082971251816808,2.988666666666667e-05,1.084e-05,4.923e-05,1.9196719337775747e-05,0.1573371336773673,0.3944340327723137,1,0,22,8.966e-05,0.00049308,False,False
2025-07-02,17691.89592,1.5895059567974767,0.0157700559949387,0.8475891559576587,0.8537513407251327,1.3314075826915677,0.5131595863378302,1.0335231956244826,1.7465336586594775,0.9434159002874364,100629.48211306444,True,105637.9,109690.4,105010.0,108800.0,177567.261,19179636772.5586,92413.926,9983565784.4009,2.9933385650415367,1.6230574398185715,0.0294941260242726,1.6180700830530628,107285.78571428572,1.4674660167736744,1.4762626852022458,105832.8,1.77775898597989,1.3319875831941264,0.4064736309766798,47.43898713790258,0.4703560794364971,0.4799757358001146,85153.33499999999,0.5204446218269932,0.4795553781730067,0.0408892436539864,1.3112838477378266,7316.400557460238,0.0677360693934444,2.7496643741699174,3.113333333333333e-05,1.807e-05,4.13e-05,1.1882812517806266e-05,0.2077304707466728,0.1463373252479484,1,0,24,9.34e-05,0.00061699,False,False
2025-07-03,13047.08225,0.6754090047184302,0.0067313833656431,0.3226291672922549,0.3315255158428424,1.5368619259344067,-0.2354289572881339,-0.667396020163343,1.626567189602523,-0.6416826128648506,100718.58955472548,True,108800.0,110484.0,108480.6,109545.2,141487.997,15492329480.4931,73227.889,8018864064.8137,0.684926470588243,0.3031897310999769,0.0068259150503906,0.3125487853577408,107661.71428571428,1.45436375375773,1.4382566998695177,105973.30333333332,1.777464008342966,1.5358884486918862,-0.1479863329371013,-20.318646464902105,-0.5684330559394104,-0.6477978663502013,68260.10800000001,0.5175554856430683,0.4824445143569317,0.0351109712861366,1.0570131651054535,6613.378907344271,0.0603985176135311,1.233434940573923,4.487e-05,4.871e-05,5.028e-05,8.049105540369066e-06,0.8072539274112779,0.9811792872591654,1,0,25,0.00013461,0.00070532,False,False
2025-07-04,11793.86615,-1.4605495398174797,-0.0147132057075679,-0.9074091876045932,-0.9109954685903364,0.8027739783923283,-0.4289344470201894,-0.3968998615873053,-0.056312482654494,-0.468009314551886,100790.8845840317,True,109545.1,109732.3,107200.0,107935.4,132305.847,14316422935.2606,64249.699,6952968511.7135,-1.4695303856307795,-0.8842487006171081,-0.0148043494581323,-0.8875107065757855,107793.8142857143,1.612887193451133,0.1106800585660051,106083.09,1.7962661278409535,0.7921593642230383,-0.2967232061837382,-6.489702444511947,-0.3607340226060917,-0.3924580841968776,68056.14800000002,0.4856149630333419,0.514385036966658,-0.028770073933316,-1.0205021491310802,7314.88907676554,0.0676008664586784,2.2908587221693635,4.0119999999999995e-05,5.23e-05,1.797e-05,1.921426293147879e-05,0.5641854835220595,0.3661167530761272,1,0,26,0.0001203599999999,0.00076235,False,False
2025-07-05,3736.9757,0.1980659399927198,0.0019787004803064,0.0434941631402119,0.0519244885662124,0.8388215847202869,-1.5946465704728996,-1.2561936660501327,-0.0050613745306124,-1.0679566813434096,100864.58841901648,True,107935.3,108368.1,107688.3,108153.4,36660.948,3960654262.1664,18462.029,1994707258.816,0.2019726614252537,-0.0147418940587103,0.0020176897086548,-0.0066866014642764,107924.15714285712,1.6127839251181928,0.1819596554101359,106306.25,1.694168410285539,0.8407865373896356,-1.6419472500687664,-72.29075749010549,-1.2893182513859174,-1.448203860001709,18198.919,0.5035884232999103,0.4964115767000897,0.0071768465998205,0.0950498174535833,5389.004521616271,0.0498821662940794,-1.1235851429138553,2.7086666666666663e-05,1.066e-05,4.005e-05,1.4997967640094886e-05,0.0059287242321465,-0.8003654498035762,1,0,27,8.125999999999999e-05,0.00075035,False,False
2025-07-06,6447.607,0.9295170747883664,0.0092522364973247,0.4192130077415988,0.4279194906854502,1.214056375123878,-1.1043890823701143,0.9116645147077274,0.8928715028556781,0.678188528381621,100947.56604668796,True,108153.4,109684.7,107743.4,109145.8,72388.603,7864421489.3231,37107.026,4031820476.0809,0.9175855775223064,0.4603162870055353,0.0091340133757324,0.4696014036333532,108043.58571428571,1.605984570201004,0.822790007824106,106469.77666666666,1.6324252652869902,1.2052620525380773,-1.030576141914947,97.45425841143008,1.248006482586936,1.5257007869141963,35281.577000000005,0.5126086768106299,0.48739132318937,0.0252173536212598,0.6724745780122511,6149.474491544613,0.0566032566071639,0.2269331128310037,1.5446666666666666e-05,1.941e-05,1.028e-05,4.682438823234463e-06,-0.6286509620500486,-1.5559309287035148,1,0,28,4.6339999999999993e-05,0.00063059,False,False
2025-07-07,9405.37601,-0.8615997386172469,-0.0086533296829764,-0.6447089205205063,-0.644864367913023,0.7423792760370068,-0.6106276603190756,0.4647010672133801,-0.2422175027878857,0.4697157920914285,101020.35583726816,True,109145.8,109667.3,107456.0,108203.9,106397.578,11536683412.6303,52139.045,5654097567.2025,-0.8629741135252167,-0.5886909670118381,-0.0086671929733971,-0.5882773159972449,108203.08571428571,1.57436623864847,0.0006404030003161,106559.65666666666,1.6304488063685054,0.7358382928878286,-0.5399920667555059,46.98111800831408,0.4388272050027738,0.5978155868975349,54258.533,0.4900397732737864,0.5099602267262136,-0.0199204534524272,-0.8179070368850195,6450.314061047521,0.0594883094983299,0.7096547994758223,3.356333333333334e-05,2.36e-05,4.271e-05,9.58113945902748e-06,0.1744831400459402,0.3184659957432885,1,0,29,0.00010069,0.00064162,False,False
2025-07-08,9216.0208,0.6096638424931022,0.0060781291164992,0.3210683954238403,0.3299453979706295,0.9744799435411444,-0.6464031796188853,-0.3030002061347188,0.3543760434095446,-0.2794239617878169,101098.98891351427,True,108203.9,109180.0,107400.0,108873.1,95156.027,10320330229.2738,47448.078,5146117084.8251,0.6184619962866567,0.3100216113659502,0.0061655736897912,0.3194321838842581,108665.25714285714,1.4282953871508648,0.3535040048766427,106666.21,1.6332071048205137,0.9735141320355164,-0.7267550644317706,-10.56560798780588,-0.4455508305522337,-0.3987496935574058,47707.949,0.4986345005766161,0.5013654994233838,-0.0027309988467677,-0.1648841469777484,6223.473581701764,0.0573819836204863,0.2757872177911037,3.079e-05,1.073e-05,3.601e-05,1.802605891480442e-05,0.0129319010185629,-0.1223158312698263,1,0,30,9.237e-05,0.00066903,False,False
2025-07-09,17282.2865,2.121691859697572,0.0209949736167124,1.2280651297242726,1.2315445050504332,1.805503084862747,0.5567540573300418,1.0357612849828934,1.9383513446866565,1.30016562504418,101199.83469546936,True,108873.2,112036.8,108273.5,111199.9,167834.731,18458201635.8988,87925.103,9671703908.607,2.137167032076781,1.4151355531466447,0.02114649872062,1.414944154813106,109008.1,1.1900427661163795,1.9401291273056047,106698.61,1.4820909243671492,1.9353938266037725,0.3985155035286343,76.37845577558633,1.003025173445431,1.0091303666423757,79909.628,0.523879071251349,0.476120928748651,0.047758142502698,1.8470604618275852,7242.424194681989,0.0658531280825481,1.932373318728833,3.5806666666666664e-05,3.093e-05,4.253e-05,6.016446902727005e-06,0.2478583803304884,0.3713776440135398,1,0,31,0.00010742,0.0006830499999999,False,False
2025-07-10,24883.450665,4.293660597808269,0.042040393709379,2.6008389063718425,2.5725025799050925,3.115191627604061,1.656671771753678,0.4488464917747498,2.096077014922949,0.3637578907842796,101347.19952437015,True,111199.8,117500.0,110432.2,115979.2,225570.213,25573716456.3733,119208.753,13523225525.2489,4.297935519726193,2.4589645699959175,0.0420813821480131,2.4337201305004004,109927.24285714285,1.929419935929992,2.0953789624176165,106890.07,1.6735053377499474,3.231734065412539,1.2162056946676916,34.40019932465586,0.2802483002644639,0.1846246118764888,106361.46,0.5284773703698192,0.4715226296301807,0.0569547407396384,1.9759554461915712,7476.11439346983,0.0659422622059722,2.0656930814542065,6.810333333333333e-05,0.0001,1.908e-05,4.309296500977083e-05,2.1356278004760836,2.145480544579351,1,0,32,0.0002043099999999,0.00075275,True,False
2025-07-11,25873.521148,1.3082148090681978,0.0129973158489833,0.6797447755756201,0.6875735109284904,3.0006772345006256,1.6776532739506125,-0.2242992775142345,1.599717071381913,-0.4199724556350515,101508.19913109286,True,115979.2,118882.8,115186.7,117500.0,199819.357,23468288934.0047,100784.694,11836216164.3229,1.3112696069640162,0.625448978572145,0.0130274689006985,0.6337602821114836,111293.61428571428,1.6406669807885084,1.5992688633864625,107186.73666666666,1.6552328327627035,3.0281018241391235,0.7892408007090108,-11.415893817505063,-0.4809926840627739,-0.5887993746411972,99034.663,0.5043790327080274,0.4956209672919726,0.0087580654160548,0.1644324293690515,6740.840157197599,0.0573944845164796,0.8665417451047313,0.0001,0.0001,0.0001,0.0,3.407859025520967,2.046332100983677,1,0,33,0.0003,0.00093239,True,False
2025-07-12,8446.60437,-0.0916039679510372,-0.0009164595002588,-0.2319852257029569,-0.2261687971426092,2.537114066372475,-0.7879112740330347,-1.350271718239665,1.13997914338319,-1.778857147478348,101666.52550789792,True,117500.0,118176.9,116862.4,117389.3,63722.472,7488784312.8489,31394.033,3689856558.2485,-0.0942127659574465,-0.294978977370015,-0.0009425717407806,-0.2903115763856687,112613.0285714286,1.6751050762459745,1.1391871988055002,107579.39666666668,1.5555945996738612,2.5376535000207263,-1.1462878176115252,-68.10996043791693,-1.3234276524909083,-1.6000165297650029,32328.439,0.4926681595152178,0.5073318404847822,-0.0146636809695643,-0.7986900233570077,5628.527749124505,0.0478934479765202,-0.8243477931773834,0.0001,0.0001,0.0001,0.0,2.813632061825057,1.4088710986673945,1,0,34,0.0003,0.00115113,True,False
2025-07-13,9550.792947,1.4193834099812674,0.0140940447900117,0.6878446079338915,0.6959458704698513,2.520527028751492,-0.5918780954834163,-0.0354386985224936,1.120876161035427,-0.0985663157382112,101839.85998045617,True,117389.4,119655.0,117164.3,119038.3,90052.381,10670541370.9112,45809.831,5428490991.0878,1.4047276881283155,0.6422056823431622,0.0139495282253971,0.6507972610165287,114026.24285714285,1.6720507820733097,1.1172224848827412,108013.09666666668,1.5671543654303954,2.5165343818786776,-0.7105824565252314,41.319660354670475,0.4348623333029588,0.5308874579214831,44242.55,0.5087020519757274,0.4912979480242726,0.0174041039514547,0.461169795522102,5892.159281729324,0.049725965544489,-0.4534953178698169,0.0001,0.0001,0.0001,0.0,2.447398057887835,1.0724370128186858,1,0,35,0.0003,0.00140479,True,False
2025-07-14,27269.348877,0.6336059191862198,0.0063160707563308,0.1467063648420295,0.1545441855641007,2.332285415539716,1.8926196898085712,2.4060462952722235,1.004961476262817,1.8384225480631944,102018.97759259092,True,119038.3,123300.0,118862.6,119816.5,221556.12,26804448428.8877,113834.673,13772358450.5752,0.6537391747025945,0.1367143970644774,0.0065161156779241,0.1448873093735777,115685.1857142857,1.4323482455075682,1.0063541470254098,108494.98333333334,1.5556050158670036,2.3346918998787,1.1822155400074157,146.03027431334658,1.9279551008925189,1.680337028314013,107721.447,0.5137961117932558,0.4862038882067442,0.0275922235865115,0.8109072263675227,6643.529316867972,0.054913070957476,0.6659393733739665,9.350333333333332e-05,8.051e-05,0.0001,1.1252556746505813e-05,1.9684152748010773,0.629410388270247,1,0,36,0.00028051,0.00158461,False,False
2025-07-15,32018.46083,-1.738208852749945,-0.0175349307627005,-1.4034319745059676,-1.4196271200599433,1.7307759904760311,2.23942296031278,-0.0783723265314259,0.2751259778455617,-0.2931305121725959,102175.58567624672,True,119816.5,119919.4,115678.1,117738.5,269977.446,31656599892.9497,131447.5,15412735685.0897,-1.7343187290565163,-1.315839735090536,-0.0174953421632435,-1.3302422007054846,116951.67142857144,1.8747333061021036,0.2790560634297666,108901.78,1.6050940964325051,1.7334174508236777,1.7348986351714242,21.855106507552136,-0.0051027725321059,-0.1861550433818952,138529.946,0.4868832635745432,0.5131167364254567,-0.0262334728509135,-1.2468271225395011,6680.500380793482,0.056973409554648,0.6760384543027588,0.0001,0.0001,0.0001,0.0,1.9788412314874104,0.6394368781491787,1,0,37,0.0003,0.00179224,False,False
2025-07-16,17039.90851,0.7407898684498093,0.0073805949622627,0.2257958522816006,0.2339455186611937,1.7303777613015754,0.2819744343707746,-1.011901085616565,0.4690300533357174,-0.8313711447200374,102339.31547051294,True,117738.6,120100.0,117017.1,118590.7,159165.948,18903224038.5254,79673.55,9462555225.8789,0.7238074206822764,0.2252334519398088,0.0072120050657125,0.233934300331153,118007.5,1.824817961789876,0.4634500864226241,109296.46666666666,1.5998710417250062,1.7287458277768,0.1576203929329308,-41.04472415818024,-0.9198687840235558,-0.843423593182732,79492.398,0.5005690664437848,0.4994309335562151,0.0011381328875696,-0.1689039568385426,5980.367504785186,0.0503549479891675,-0.53532821474029,0.0001,0.0001,0.0001,0.0,1.7956141321325776,0.4980195293032134,1,0,38,0.0003,0.00198482,False,False
2025-07-17,15728.57651,0.4612054428193568,0.0046014514935447,0.0558635265381124,0.0634042776300441,1.672588578990213,0.1079171152690268,-0.3878755952332979,0.7311257839785521,-0.2649458168058748,102506.86019219938,True,118590.7,120951.5,117412.8,119176.6,164274.401,19529125659.9034,82532.264,9814512775.7237,0.4940522317517404,0.0288164177106111,0.0049283579861142,0.036352439568067,118464.27142857145,1.065934173192523,0.7583720293223065,109785.42,1.530725220457315,1.6804139037514851,0.2655724168526701,3.2095137585584688,-0.2028111844915636,-0.1431307611035063,81742.13700000002,0.502404899957602,0.497595100042398,0.0048097999152039,-0.0419722472702845,5914.923556837419,0.049754942498796,-0.6414131716279506,0.0001,0.0001,0.0001,0.0,1.644898098637021,0.4082482904639279,1,0,39,0.0003,0.00208051,False,False
2025-07-18,19924.66266,-1.0511374792368633,-0.0105670095006571,-1.0049304787227702,-1.0123454370451497,1.3460221291610694,0.6415489191022117,0.130438826391785,-0.7082872395731061,0.1148559036901229,102660.27292660536,True,119176.5,120846.1,116788.9,117896.4,162246.906,19250655213.5986,78772.03,9348607437.1844,-1.0742041642403,-0.950012509975658,-0.0108001539093399,-0.9562476871409392,118520.9,1.104485783241448,-0.7083366745353442,110220.87333333332,1.5557478497992794,1.3472231728167896,0.2414835613389915,-1.234212383461997,-0.2865786563806293,-0.2299581984093273,83474.87599999999,0.4855071319511018,0.5144928680488983,-0.0289857360977964,-1.2841144084020435,5715.49479168357,0.0481708978692173,-0.9964827046853076,0.0001,0.0001,0.0001,0.0,1.516089706765835,0.4082482904639339,1,0,40,0.0003,0.00208051,False,False
2025-07-19,6635.80306,-0.0719441298372758,-0.0007197002204572,-0.3228844528829244,-0.3189334900150544,1.2402042761019323,-1.026976476134696,-1.237191213368828,-0.958791881206982,-1.0270188415773909,102811.31498703716,True,117896.5,118456.0,117245.9,117814.4,52531.193,6197160791.5471,24526.721,2893580595.8702,-0.0695525902402405,-0.3077183115362024,-0.0006957678927564,-0.303117396356399,118581.62857142856,1.1039758060265723,-0.9569728209863942,110661.11666666668,1.553974577311893,1.2422135579795195,-1.3190727815391174,-67.62268428095632,-1.318127746351144,-1.1983402408189954,28004.472,0.4668982294005773,0.5331017705994227,-0.0662035411988453,-2.37750600170565,4962.047599468257,0.0420615647859897,-2.1068212197448415,0.0001,0.0001,0.0001,0.0,1.4082997431004731,0.4082482904639279,1,0,41,0.0003,0.00208051,False,False
2025-07-20,12962.92889,-0.4878479293957904,-0.0048904179181156,-0.5998624885411606,-0.5997748635328448,1.0669646706241829,-0.2491650865416487,1.093231032299809,-1.1917687951266598,0.7623968298996829,102955.13394239002,True,117814.3,118856.6,116370.1,117216.0,82380.582,9710161747.2649,39522.257,4660078822.8556,-0.507917538093805,-0.6161504597639222,-0.0050921182368369,-0.6160675947878762,118321.30000000002,0.939177513954959,-1.2061524083220063,111126.78,1.5304531740569425,1.067764641043379,-0.8341157881641157,56.8222179915084,0.7102994730639101,0.5717650168736447,42858.325,0.4797520974056726,0.5202479025943274,-0.0404958051886548,-1.440324094174755,5544.28545415272,0.0470374721220156,-1.0910012696306897,0.0001,0.0001,0.0001,0.0,1.3152799071773429,0.4082482904639339,1,0,42,0.0003,0.00208051,False,False
2025-07-21,17107.33128,0.098273041463659,0.0009822478512299,-0.2366836323485977,-0.2319272910094143,1.0204400343870277,0.2810653619692631,0.2050170156555535,-0.9024823677955096,0.4595686112276412,103098.66853002794,True,117216.1,119720.6,116454.1,117330.2,141885.848,16757943321.4359,69570.765,8219105667.0004,0.0974269724269616,-0.2518020838551276,0.0009737954315561,-0.2468218235295322,117966.1142857143,0.8745974509913563,-0.9143574381405908,111635.12666666666,1.503350744733364,1.026865680330857,0.0075376940493332,72.2321505327554,0.9026292743907056,1.322107406957271,72315.083,0.4903291341642473,0.5096708658357527,-0.0193417316715054,-0.7603571570248175,5853.4690326884065,0.0495600445421229,-0.582938284703944,0.0001,0.0001,0.0001,0.0,1.2307533722016983,,1,0,43,0.0003,0.0021,False,False
2025-07-22,20959.12973,2.192922223104432,0.021692235206271,1.14851415358859,1.153261417912482,1.3890138427532663,0.7304442614895559,0.0332826811817076,1.660057087704507,0.2698205171825438,103266.38745012716,True,117330.2,120300.1,115865.0,119993.7,186832.45,22133221784.4276,94591.193,11212737632.947,2.270089030786626,1.116011669073807,0.0224470593759127,1.1206672782221383,118288.28571428572,1.06562515465769,1.6729852635682978,112271.42666666668,1.5054265827896856,1.439489364207753,0.7632658157997978,31.6780021641059,0.3196720976429724,0.4744093712071939,92241.257,0.5062888861115935,0.4937111138884065,0.012577772223187,0.3054703571540288,6508.119199281948,0.0549367763417697,0.4292180164889357,0.0001,0.0001,0.0001,0.0,1.162773491499385,,1,0,44,0.0003,0.0021,False,False
2025-07-23,14558.75083,-0.9990711471907332,-0.0100409535459066,-1.0869063156388812,-1.0955039092630543,1.1283843823643234,-0.0293662612943797,-0.7437272921203808,0.4284280578466954,-0.7883991774819955,103420.51284863336,True,119993.7,120146.5,117250.0,118713.5,136986.897,16199890830.6418,66612.552,7878868556.4179,-1.066889345023947,-1.088273460882205,-0.0107262141575297,-1.0951506218382143,118305.82857142856,1.151734026450955,0.3971518518599392,112718.84666666668,1.356686552573321,1.1264138474378496,0.0797488224847377,-26.679280285624905,-0.7024832315650688,-0.7525327933843655,70374.345,0.4862695152515207,0.5137304847484793,-0.0274609694969585,-0.9841355978338328,6523.178915752496,0.0551602506206121,0.4484389744279181,0.0001,0.0001,0.0001,0.0,1.0936354370486547,,1,0,45,0.0003,0.0021,False,False
2025-07-24,15806.89043,-0.3494560569113236,-0.0035006808084234,-0.5993356214617341,-0.5984766987988561,0.9867825838042928,0.2042663594031611,-0.0988263992955673,0.1425592044661962,-0.0777932826494511,103568.97530785095,True,118713.4,119469.9,117050.2,118294.3,137377.613,16275419265.9469,67494.798,7998311440.3544,-0.353119063964924,-0.5338478401548911,-0.0035374400094641,-0.5320795800897495,118179.78571428572,1.1381006637839186,0.1201234509887095,113127.49333333332,1.3624692398638292,0.9820415449489348,0.0908466943542722,0.2852214398286756,-0.2601225705062504,-0.186929536464378,69882.81500000002,0.4913085656831145,0.5086914343168855,-0.0173828686337709,-0.6331224194560369,6340.421930456576,0.053518254490773,0.1389355303537908,0.0001,0.0001,0.0001,0.0,1.0270698445316764,,1,0,46,0.0003,0.0021,False,False
2025-07-25,38406.34873,-0.6140560426273312,-0.0061594912042918,-0.7691326304379165,-0.7708776968661111,0.792110307906825,2.8171597081249145,1.934542161783339,-0.5790156464184044,1.5946240749976113,103708.7298819022,True,118294.4,118410.8,114667.3,117583.5,260386.754,30217394710.2149,123156.442,14294237851.1494,-0.600874260213724,-0.6709805871745602,-0.006026867738626,-0.6715640514103981,118135.08571428571,1.0833587896894592,-0.5652210477480852,113470.94333333331,1.3650709599257822,0.7905142101763564,2.0389718182408165,89.54089266349384,1.2743821626516822,1.1862916899233098,137230.31199999998,0.472975065390615,0.5270249346093849,-0.0540498692187698,-1.6811017273859314,6740.9276758380265,0.058087346486786,0.7485478639237637,0.0001,0.0001,0.0001,0.0,0.9709123820395849,,1,0,47,0.0003,0.0021,False,False
2025-07-26,6991.67206,0.2599003471601468,0.0025956319026282,-0.0492243145550176,-0.0435287672031279,0.795331763948841,-0.9381672312162436,-1.509733508094367,-0.2704828769976135,-1.45279860347687,103850.1354552166,True,117583.4,118300.0,117114.2,117889.2,57218.604,6739341628.4194,28458.148,3352360848.3219,0.2599854571432081,-0.055258479597866,0.0025964807958212,-0.0490639479782661,118145.77142857142,1.0886515363202962,-0.263912979108355,113836.79333333336,1.3595019459062725,0.7929634984625823,-1.2185117048437266,-78.02553197464107,-1.592218150600481,-1.6620658264517911,28760.456,0.4973583067493223,0.5026416932506776,-0.0052833865013554,-0.1495468237111844,5806.9038496635285,0.0493019867755093,-0.73284090222121,0.0001,0.0001,0.0001,0.0,0.9114857214209364,,1,0,48,0.0003,0.0021,False,False
2025-07-27,9328.30919,1.268283689644134,0.0126030833468208,0.7134936299610618,0.7199063282471319,1.0263979195360646,-0.6522596939806232,0.2065627240950658,0.981373656175893,0.2215176223037186,104005.01520193087,True,117889.3,119766.0,117800.8,119423.4,75978.959,9021870261.9343,39269.357,4663033730.9,1.3013914760639622,0.6758951590807987,0.0129299613623731,0.6828766722168936,118461.11428571428,1.1567146274521396,0.9836156891842044,114250.55,1.369926276443924,1.0262065688956516,-0.8852009369030203,32.78715957488232,0.275837338422084,0.2665111427348087,36709.602,0.5168451570914522,0.4831548429085478,0.0336903141829043,1.0394476919536093,5900.9437341530365,0.0496956339452385,-0.5584832309468175,0.0001,0.0001,0.0001,0.0,0.8535671612695936,,1,0,49,0.0003,0.0021,False,False
2025-07-28,13961.74754,-1.1332108758030257,-0.0113968063402202,-1.1467396559280187,-1.1548580251206435,0.7006590059219919,-0.1076651783426241,0.437303813734327,-0.6112991686023448,0.4152170835980084,104144.88888151366,True,119423.5,119812.0,117388.0,118041.4,106712.329,12646588023.95,49363.385,5851265071.1647,-1.1572271430892125,-1.0635548052495296,-0.0116397512657328,-1.0705252709162505,118562.71428571428,1.279108079057799,-0.5974951601032648,114610.56333333332,1.3980888410356895,0.6992054350161399,-0.4566812465640161,40.44984348890593,0.3567926010468868,0.5126700427492102,57348.944,0.4625837095168263,0.5374162904831736,-0.0748325809663473,-2.0881883346039944,5327.335349961351,0.0449522322923621,-1.5003865308031017,0.0001,0.0001,0.0001,0.0,0.7965713011583845,,1,0,50,0.0003,0.0021,False,False
2025-07-29,15137.93445,-0.0944924680457037,-0.0009453714032179,-0.3262582917171349,-0.3224600424393433,0.6263531055179324,-0.0150716360267119,-0.2447676093387867,-0.5613449791693003,-0.1465649013129811,104282.2607334389,True,118041.5,119258.7,116923.0,117897.0,115263.463,13605158270.3445,55053.068,6499896380.2271,-0.1223299621996965,-0.2973947456907522,-0.001224048463747,-0.2930634161556411,118263.18571428572,0.8472798442939985,-0.5869980236891956,114930.13666666669,1.394604779532011,0.618981342270699,-0.340638931861315,8.01325777455386,-0.1577433753844088,-0.0276159761337528,60210.395,0.4776280927807973,0.5223719072192027,-0.0447438144384053,-1.1334161062348995,5331.883142135456,0.0451719342812387,-1.4004769681207672,0.0001,0.0001,0.0001,0.0,0.7476950252131019,,1,0,51,0.0003,0.0021,False,False
2025-07-30,15586.73631,-0.0936492482117024,-0.0009369312651676,-0.298444151694299,-0.294567974904943,0.5522601104543592,0.004399920629087,-0.2846894597391992,-0.5436583358145408,-0.3054566188381119,104417.16659678778,True,117897.1,118763.5,115700.0,117771.0,124917.857,14671863277.403,60858.794,7148296382.1645,-0.1068729484210773,-0.3160869962723749,-0.0010693009827871,-0.3120366737510212,118128.54285714286,0.7665740190704949,-0.5841857770904911,115286.25666666668,1.370980690392196,0.542211672972028,-0.1866686160296821,8.375936093469626,-0.129017515972469,-0.1203553715935953,64059.063,0.4871905063180839,0.5128094936819161,-0.0256189873638321,-0.5615881722632691,5443.771820056657,0.0463488717759395,-1.1461377837674462,0.0001,0.0001,0.0001,0.0,0.6943592349291877,,1,0,52,0.0003,0.0021,False,False
2025-07-31,17010.0073,-1.7618930026484958,-0.017775990938679,-1.5508004074489412,-1.5684885140330358,0.0254401377941868,0.15462079524098,-0.1654476231306597,-1.8945812228058776,-0.2148114955228634,104530.07120776502,True,117771.1,118910.0,115373.9,115697.3,135037.467,15883505625.6346,64854.642,7632959988.1983,-1.7607900077268537,-1.491788169666055,-0.0177647632311904,-1.5090339609229797,117757.54285714283,0.9920601411524124,-1.8849937110227757,115621.57,1.3900714449215834,0.0180106562465806,-0.0268917661114563,8.101011531121616,-0.1361876532631926,-0.1485648157005195,70182.82500000001,0.480271464215187,0.5197285357848129,-0.0394570715696259,-0.9523120672412764,5985.675846056845,0.0508886717822599,-0.3073337702364273,8.564666666666667e-05,5.694e-05,0.0001,2.486070259130529e-05,0.1826141903162869,-2.44948974278326,1,0,53,0.00025694,0.00205694,False,False
2025-08-02,11507.33428,-2.779558218749711,-0.0281891902415232,-2.077918068280232,-2.1101723696096584,-0.8007322704106566,-0.5167324695786522,-0.7910288649467349,-1.9989112177543815,-0.7055151483607179,104609.83517584697,True,113244.8,114000.0,111910.0,112508.8,102459.448,11582327925.5756,47169.224,5332165044.5207,-0.6499194665008923,-0.5472016820904786,-0.0065204063866775,-0.5458240348105371,116369.1,1.1570115060921753,-1.4671192798598778,115868.51666666666,1.3667543118339054,-0.8598334238821848,-0.553413698165055,-53.69736256885379,-1.2550820618033491,-1.8682693445796563,55290.224,0.4603696869419011,0.5396303130580988,-0.0792606261161976,-1.9155642562977744,5140.536534667947,0.0454741515825054,-1.430124666847471,3.380333333333333e-05,4.81e-05,4.437e-05,2.161289507061313e-05,-1.47196433476983,-1.330302579485106,1,0,55,0.0001014099999999,0.00161657,False,False
2025-08-03,7397.76046,1.4771247579330682,0.0146632152506765,0.9401450689866976,0.9441647937342824,-0.4448729636232084,-0.997051731615336,-0.838051896863506,-0.9488553772613928,-1.302072704587513,104705.34726364948,True,112508.8,114730.0,111850.0,114150.8,63183.869,7180260356.7661,31097.096,3534100091.6805,1.4594413948064489,0.9323861381937544,0.0144889404661306,0.9376921259742376,115615.87142857142,1.2023073285360943,-0.6231972181967895,116075.69666666668,1.3554879876641204,-0.5307158367995639,-1.1229710405298288,-38.33280362783138,-0.941258853705974,-1.0636807421596943,32086.772999999997,0.4921682779508168,0.5078317220491831,-0.0156634440983662,-0.0708064175054263,4524.688817155699,0.0398157352636291,-2.176266678703223,5.89e-05,5.633e-05,7.504e-05,1.50208088996565e-05,-0.6965891171883306,-0.3880178549025468,1,0,56,0.0001767,0.0014932699999999,False,False
2025-08-04,9667.67916,0.740949909288946,0.0073821836009087,0.3755755075193729,0.3824299092358498,-0.311265233865876,-0.7016769633341652,0.2355390040993357,-0.4033249853764759,0.8404957643390119,104808.32918142412,True,114150.9,115686.0,114053.8,115002.1,83328.591,9566449201.0507,40432.436,4642286424.5996,0.7457678789811295,0.3914327892997387,0.0074300077924583,0.3987736473778212,115181.68571428572,1.277790152355691,-0.0857210901391424,116303.98666666663,1.3592069996506702,-0.3929518770352467,-0.8564151914608709,31.882697781612592,0.2781990333532837,0.6987001257190234,42896.155,0.4852168447201994,0.5147831552798006,-0.0295663105596012,-0.4436959063022073,4506.988991727853,0.0392581442121643,-2.023495562559516,4.606333333333334e-05,4.188e-05,3.912e-05,9.734291619493089e-06,-1.1756427872144335,-0.57769900718269,1,0,57,0.00013819,0.00133146,False,False
2025-08-05,12042.79078,-0.8042064740672372,-0.0080745765687901,-0.7096343655951189,-0.708883842090182,-0.6826286114040744,-0.4570882939059609,0.0863356036339579,-0.6149410179592633,0.9063969670669876,104901.07963733036,True,115002.1,115073.3,112582.4,114069.6,119316.428,13578532103.2508,56631.208,6445877392.1048,-0.8108547583044134,-0.7084216563316188,-0.0081416006511722,-0.7091224246802591,114634.91428571429,1.2824953847021732,-0.3254343081058156,116468.11333333331,1.3649635971362992,-0.7842300581965538,-0.3027269674735453,43.18786213485837,0.5461884368877183,0.8017283585133518,62685.22,0.4746304339583481,0.5253695660416519,-0.0507391320833037,-0.9984129592644504,5043.900085529276,0.0443214433502843,-1.191267477411803,6.824666666666668e-05,7.101e-05,4.784e-05,1.917492199028026e-05,-0.5267522463961857,0.3564897445209392,1,0,58,0.00020474,0.0012362,False,False
2025-08-06,9761.15318,0.7557363439418818,0.0075289496341813,0.4116553862722293,0.4186424882426485,-0.5226726039456846,-0.7751114730783476,-0.6121104089120907,0.0357766999834977,-0.6054222747706223,105001.48949168528,True,114069.6,115674.2,113304.5,114941.0,98598.67,11289146520.5982,48509.767,5554848440.6814,0.7639195719104874,0.4084326793183313,0.0076101648182378,0.4157771830422105,114230.62857142858,1.3625612808204188,0.6475887160288671,116692.68333333332,1.3553635554055683,-0.6607930045254078,-0.6392842726701529,-17.363709547188254,-0.6002744861282504,-0.5199465992029735,50088.903,0.4919921029360741,0.5080078970639259,-0.0160157941278518,0.0254084847621253,5114.390018981394,0.0446687491222427,-1.0244875477913589,7.578333333333334e-05,5.172e-05,8.288e-05,2.141581736318587e-05,-0.3176131852952328,0.9304935206089868,1,0,59,0.00022735,0.00116355,False,False
2025-08-07,13468.56263,2.1564406024856986,0.0213351837283328,1.314990943351124,1.3131001480200055,0.2356975267303124,-0.3133896276342058,0.3768332447518008,1.695933042618207,1.1592558783885931,105125.57427286256,True,114941.0,117580.0,114211.4,117419.9,134409.055,15603976236.9276,70320.817,8162960433.9132,2.156671683733391,1.3538945974941297,0.0213374457588516,1.3538151710492403,114476.71428571428,1.4806004565736746,1.8729446689772724,116977.57666666666,1.399705137657595,0.2007873749868775,-0.0709838002336593,36.31933879026968,0.4233038458046292,0.5940014469759504,64088.238,0.5231851157647079,0.476814884235292,0.0463702315294158,1.7290021447219426,6298.018218804239,0.0542496774097201,0.5710270350872029,6.230666666666666e-05,4.843e-05,6.275e-05,1.3660396529139754e-05,-0.948389673107776,0.5513021021854747,1,0,60,0.0001869199999999,0.00109353,False,False
2025-08-08,10045.31278,-0.6786893320374743,-0.0068100290199484,-0.6399741772656401,-0.6380264564126584,-0.2172941740006685,-0.7696875010783302,-0.7023552268966748,1.0085748017521026,-0.7018881103298094,105240.49134477436,True,117419.9,117591.8,115850.0,116628.2,89828.611,10476168967.7768,43852.502,5114363104.0876,-0.674246869568107,-0.617662939263178,-0.0067653018300755,-0.6169938768433354,114960.05714285714,1.1674481631035536,1.0123249024256329,117158.52,1.363448377889121,-0.2767413305281233,-0.7643580293129072,-33.167738587255144,-0.8813511860090806,-0.7099096179324816,45976.109,0.4881796736231399,0.51182032637686,-0.02364065275372,-0.1792294427937152,5130.372317091073,0.0439907203267401,-0.9543686660823952,4.035e-05,2.403e-05,7.973e-05,3.4270179456781374e-05,-1.899523233024358,-1.0332195128142143,1,0,61,0.0001210499999999,0.00115636,False,False
2025-08-09,9514.13144,-0.1821216828938321,-0.0018228772606176,-0.2477253213499182,-0.2424128585332502,-0.4756152995914116,-0.7969185269441459,-0.3112367024279008,0.6851260146946747,-0.2160054093278011,105352.15063487612,True,116628.2,117906.7,116304.0,116422.1,77924.534,9109077804.5382,40145.588,4693361379.9637,-0.1767154084518107,-0.1746969027957867,-0.0017687173432481,-0.169585003933343,115519.1,1.106804603949522,0.6914404048787762,117173.28333333334,1.1188809729130351,-0.3935794631573975,-0.9028201320945884,-13.251988277988625,-0.4534993873838241,-0.419773259643537,37778.946,0.5151854741922487,0.4848145258077513,0.0303709483844973,1.5331741468418512,6016.810334728503,0.0514714169272453,0.4119757402394144,7.691000000000001e-05,8.835e-05,5.151e-05,2.2033102368935703e-05,-0.3615298737789337,1.2084997833404854,1,0,62,0.00023073,0.00128568,False,False
2025-08-10,14322.77073,2.4314831629991707,0.0240239321270641,1.890443957585652,1.8736868825284556,1.0572094776371146,-0.1266533796727794,0.668811235007425,1.707873060418234,1.24702641490987,105490.87560368332,True,116422.1,119291.9,116413.2,119255.3,130331.779,15402998283.6403,65839.952,7779415999.3612,2.433558576936856,2.013647032363838,0.0240441934065888,1.998815595861132,116248.3142857143,1.2937468775222063,1.7079446082050085,117231.79333333332,1.1806435161083546,1.0400940948033133,0.0259543163455529,67.25384459790288,1.077018301626438,1.3575724618982845,64491.82699999999,0.5051718967175305,0.4948281032824695,0.0103437934350609,0.9019131105428512,6363.147808070413,0.0538414897277887,1.0049117902082862,9.949666666666668e-05,9.849e-05,0.0001,8.717989064763383e-07,0.605359286304491,1.7525224390356646,1,0,63,0.00029849,0.00140747,False,False
2025-08-11,26494.33429,-0.5096735368355865,-0.0051097680255928,-0.4518229998983952,-0.4472420042029627,0.6884799520481648,1.4956139878595338,1.1964400795414492,1.005518515033729,1.5855213581524032,105622.17037379592,True,119255.3,122450.0,118050.0,118641.9,217088.254,26140833129.3272,108472.648,13067526473.9227,-0.5143586909764242,-0.4696421175735047,-0.0051568606890351,-0.4660293096412331,116768.28571428572,1.3615011447058984,1.0043237698370158,117273.54666666666,1.1849727067285116,0.6972968080986146,1.4250497453584727,66.5658641857409,1.0032014825986169,1.0794758546109695,108615.606,0.4996707375978066,0.5003292624021933,-0.0006585248043866,0.5399776710311627,6135.7639156585155,0.0509548516995101,0.6053266198920796,0.0001,0.0001,0.0001,0.0,0.6268935245310372,1.3022898864794863,1,0,64,0.0003,0.00156928,False,False
2025-08-12,16720.10893,1.2200933555769122,0.0121271021010796,0.9204381804312242,0.920880884838186,1.3930969313958188,0.1565483801209769,-0.9322263643794416,1.3683325134577276,-1.0790383506207764,105766.56748450444,True,118641.8,120270.0,118154.3,120081.0,125708.555,14984075258.1463,62783.535,7485321680.1282,1.212977877124355,0.9994478679430407,0.0120568025357748,1.0009860721332309,117627.05714285711,1.259178877388094,1.3643417070010673,117308.30333333332,1.177865474500049,1.3839225121245955,-0.1632388022685269,-42.09334098748613,-1.104639346883032,-1.1001690620309554,62925.01999999999,0.4994372499150913,0.5005627500849086,-0.0011255001698172,0.5538354807933309,5743.1396227294035,0.0481819378706105,-0.0192952076150563,8.843666666666666e-05,0.0001,8.543e-05,1.0391517373960998e-05,0.1496269576814894,0.5487484224010472,1,0,65,0.00026531,0.00162985,False,False
2025-08-13,23210.07102,2.640674486373884,0.0260641056770228,1.9374796153253095,1.9207440717322717,2.648471076600739,0.9689559266533274,0.3791617831856062,1.8655553099603053,0.40961070273071,105941.09347968348,True,120080.9,123715.9,118829.0,123323.9,188073.873,22796282824.2241,93301.574,11312196562.838,2.7005937658747037,2.0437100805021844,0.0266477124864237,2.0286187676035263,118824.61428571428,1.461087649708272,1.8733346161651363,117425.21666666666,1.2705337045422287,2.6298827787604275,0.959118622888627,49.61103721222473,0.871784704077691,0.654990144469867,94772.299,0.4960900337283956,0.5039099662716044,-0.0078199325432087,0.3933773734288322,6237.5728449021135,0.0514612181339392,0.8207596420703667,9.041e-05,7.123e-05,0.0001,1.661036724458554e-05,0.2393602747730922,0.530360744560879,1,0,66,0.00027123,0.00167373,False,False
2025-08-14,27980.947586,-4.06413517932519,-0.0414902925662938,-2.683414657328547,-2.7233491217374164,0.3191984459216607,1.6004110209401308,0.1875693719586124,-0.2944774419279194,0.0543095287471572,106064.0188181941,True,123323.9,124545.6,117004.0,118242.2,259801.57,31188419054.0993,121538.327,14590183740.3054,-4.120612468467177,-2.855876900646511,-0.0420791643070075,-2.9014294683596953,118942.08571428571,2.3205827970222654,-0.2989769419478675,117442.00666666664,1.4514142991127408,0.3560762918069909,2.271063632873486,38.138044299220674,0.5997094017671222,0.4049763898975109,138263.24300000002,0.4678121344686254,0.5321878655313745,-0.0643757310627491,-1.376777425298081,6537.505584431962,0.0544578489782717,1.340803690207795,0.0001,0.0001,0.0001,0.0,0.6528582395396263,0.7510404810809637,1,0,67,0.0003,0.00178681,False,False
2025-08-15,13623.33874,-0.8056462867562786,-0.0080890915304361,-0.5452233882467838,-0.5384885464048691,-0.1304267635089694,-0.2645262065877888,-1.2405437599375768,-0.7790515776269058,-1.3497518678617744,106176.23803393348,True,118242.2,119184.0,116736.3,117279.2,120542.357,14214818128.9724,59281.35,6991379574.4084,-0.8144300427427753,-0.5420437300427186,-0.0081776464187506,-0.5359937711311141,119035.08571428571,2.3291987238423153,-0.7822571822631171,117398.29,1.4530258697088525,-0.053239606302774,-0.2141036978584077,-53.60214451359936,-1.4152661500779256,-1.354708764511762,61261.007000000005,0.4917885420143228,0.5082114579856771,-0.0164229159713543,0.1671642224812969,5235.789659992493,0.0443997538797458,-0.7908188787770887,4.5503333333333335e-05,1.939e-05,3.722e-05,3.109381342539595e-05,-1.5606346448170338,-2.2137800461605264,1,0,68,0.00013651,0.00180227,False,False
2025-08-16,6393.68117,0.0329038055837616,0.0003289839346881,0.0393056190277383,0.0462839332051129,-0.0923811168280724,-1.2371002695019029,-1.2654014035810754,-0.8836253969408603,-1.105530398414364,106287.72481966548,True,117279.1,117857.1,117089.7,117329.7,46674.42,5485340879.1925,22363.887,2628326778.8838,0.0430596388788506,0.0585738414947695,0.0004305037087676,0.0654497471433024,119164.74285714285,2.3262792645635435,-0.8782653182665788,117336.72666666664,1.449780373253369,-0.0031773168919436,-1.4309258322133682,-61.279652097726945,-1.4765505367640184,-1.2011495306631217,24310.533,0.4791465432243186,0.5208534567756814,-0.0417069135513628,-0.5973980407522903,5260.532042362153,0.0447615357689154,-0.7085239755832929,8.713666666666667e-05,8.85e-05,9.023e-05,3.95532973762407e-06,0.1895677380526159,-0.0082185891074716,1,0,69,0.00026141,0.00183295,False,False
2025-08-17,5898.64192,0.0207444735785156,0.0002074232221011,0.0411023135038891,0.0480692529331247,-0.0528411736200708,-1.226823579092165,-0.3433246236604534,-0.7046060271058837,-0.1369575580570768,106398.34457270365,True,117329.8,118558.0,117121.6,117353.8,54386.804,6411151083.0242,26068.765,3073122879.2602,0.0205404087797012,0.0180343666204742,0.0002053829952656,0.0249374875304343,118893.1,2.0962056684803385,-0.7007902939074683,117318.64,1.4366176791190577,0.0159167631431431,-1.208137645992468,16.523791832871183,0.1543832229281101,0.2732801487961609,28318.038999999997,0.4793215096809145,0.5206784903190855,-0.0413569806381709,-0.5698336581296637,5605.363293494487,0.047551179319311,-0.1337701305991435,4.916e-05,8.206e-05,1.862e-05,3.1785776693357675e-05,-1.3033837918476787,-1.4532055431957351,1,0,70,0.00014748,0.00168194,False,False
2025-08-18,17745.93954,-1.0033302667407429,-0.0100839754772945,-0.6590685243439048,-0.6533167502085115,-0.5942290993185388,0.4283253175550713,3.0820464266490544,-0.9798918287469572,2.0815844961897607,106496.14263665683,True,117353.9,117499.4,114605.0,116183.6,147219.779,17039158070.2288,69088.986,7995299306.2184,-0.9971556097885136,-0.6635897594629715,-0.0100216050519774,-0.6584539623771097,118541.91428571429,2.115728497261558,-0.9714080338583052,117264.28,1.4479841111103442,-0.4875780747643491,0.3374537090780367,170.6902560407852,2.865803026679366,1.8903454047848172,78130.793,0.4692914666038182,0.5307085333961818,-0.0614170667923635,-1.2271901526807123,5535.492109821534,0.0478271239520948,-0.2874705078587571,2.4866666666666667e-05,2.846e-05,5.296e-05,3.0051557918572765e-05,-2.053400220677278,-1.6616516459331403,1,0,71,7.46e-05,0.0014565399999999,False,True
2025-08-19,18065.47424,-2.8858256318128994,-0.0292828443291047,-1.7717941733214575,-1.7841784474338795,-1.9807018793456528,0.4280890805600988,-0.2641436742241178,-1.511056331358098,-0.2275587556320167,106559.59335669012,True,116183.6,116687.7,112666.6,112824.2,141024.287,16131720046.5887,67997.774,7778182042.7296,-2.8914580026785264,-1.8054772303592517,-0.0293408434238821,-1.8193630330222712,117505.22857142855,2.200294570779852,-1.5034576051876232,117117.88666666669,1.5373876919600535,-1.8192785560627576,0.1962088459644396,-4.208328556178587,-0.363631418485054,-0.3394571882217278,73026.513,0.4821706632702209,0.517829336729779,-0.035658673459558,-0.4010276735903595,5148.025879263965,0.0450042944573831,-0.9074631210886394,5.522e-05,7.137e-05,3.167e-05,2.0858871014510835e-05,-0.8320887352459785,-0.3626434321979617,1,0,72,0.0001656599999999,0.00135689,False,False
2025-08-20,15636.34194,1.2388265956393196,0.0123121592980693,0.8348903172383264,0.8342587561715716,-1.2708999017169007,0.0699890754812491,-0.4767559221048877,-1.0071585667082166,-0.3159903257784013,106636.32615911112,True,112824.1,114569.0,112301.8,114220.5,130522.37,14819274146.3868,64879.793,7366865522.6261,1.2375890987926352,0.8448840205186582,0.0122999356833589,0.844685182300902,116204.74285714286,1.8460572852209045,-1.0078384451546216,117014.23,1.556809210787394,-1.1553714552991534,0.016170536975716,-7.446885372304712,-0.3815459143254588,-0.2777288837278158,65642.57699999999,0.4970779568283965,0.5029220431716035,-0.0058440863432068,0.5475639520884207,5057.60876230525,0.0445454396529805,-0.9971023489628674,3.614333333333333e-05,4.543e-05,4.936e-05,1.9587272227988596e-05,-1.4470828899736885,-0.8243598222033895,1,0,73,0.0001084299999999,0.00119409,False,False
2025-08-21,10839.69235,-1.550031311465605,-0.0156216989473507,-0.8908433271113264,-0.8871037112296887,-1.847248708973253,-0.5808511836895163,-0.7378213402634082,-1.3445219720349906,-0.4230032349232862,106694.67117245332,True,114220.5,114777.0,111944.0,112462.2,96406.356,10907840294.1414,47004.863,5318559666.8512,-1.5393909149408411,-0.8818684599630543,-0.0155136255603806,-0.8786364992551743,115379.02857142856,1.3186979420151514,-1.3421040655269474,116763.18,1.5134616830964536,-1.728695252466082,-0.5447709785165409,-26.138058939628507,-0.6982307217908089,-0.39771635009822,49401.493,0.4875701660168547,0.5124298339831452,-0.0248596679662905,-0.0257747897699397,4550.217395843172,0.0402160158484039,-1.69023534293912,5.438000000000001e-05,1.143e-05,7.414e-05,3.723530716940577e-05,-0.7121576483611277,0.2241395348874101,1,0,74,0.00016314,0.00105723,False,False
2025-08-22,23128.09037,3.943102222222228,0.0386734694256492,2.3463103395257767,2.308464743998057,0.0031209861416471,1.1392747154397014,1.6441436764277435,0.7373328359960761,0.904073081643835,106796.57484237917,True,112462.2,117397.4,111625.9,116897.5,199447.977,22883791440.7028,99642.896,11432576389.3177,3.943814010396385,2.3669553841988353,0.038680317265687,2.32928046917532,115324.5,2.191170183289174,0.7413224102718261,116702.64666666668,1.6821218443958303,0.079181382281953,1.2419702421829053,106.88260118451112,1.6743588710031234,0.968907131295192,99805.08100000002,0.4995934152794138,0.5004065847205861,-0.0008131694411722,0.7317601037161838,5965.9438174991665,0.0519973024740747,0.6388596904362093,7.721e-05,7.296e-05,5.867e-05,2.0990214386708873e-05,0.1801506326801118,1.1120403536186645,1,0,75,0.00023163,0.00115235,False,False
2025-08-23,11329.36197,-1.2809914210329951,-0.01289266863907,-0.6994809171625551,-0.6954056313918718,-0.5802640164822069,-0.4989118869290194,-1.067783889106832,0.1783363186627176,-0.8880381962001266,106882.55966981816,True,116897.5,116988.0,114510.0,115377.1,78419.415,9054235281.6278,37863.987,4370908825.1067,-1.3006266173356984,-0.7255707935725481,-0.0130915882753506,-0.7221663058520064,115045.55714285714,2.242355622990098,0.1713923578707616,116605.40666666668,1.697077248776301,-0.5006527795934105,-0.8373108896725473,-60.681769662672494,-1.302394492914598,-1.0881339317743306,40555.42799999999,0.4828394473485935,0.5171605526514065,-0.0343211053028129,-0.3450012242699593,5893.445116442181,0.0510435728684658,0.5560308681836192,9.903666666666667e-05,0.0001,9.711e-05,1.6685422779580251e-06,1.0197738418468476,1.8436478788445287,1,0,76,0.00029711,0.00118805,False,False
2025-08-24,21175.98462,-1.684418612407268,-0.0169876628753381,-0.895848816290657,-0.8948739274883714,-1.2988890596758322,0.8410483030748145,1.1328877037061873,-0.6092553308747907,0.4660552285417956,106948.34106613838,True,115377.1,115640.0,110484.0,113446.3,133388.002,15148067971.3495,62689.861,7122684907.1293,-1.6734689986141138,-0.9119843309718,-0.0168762969662615,-0.9115410567699108,114487.34285714288,2.3029023554578307,-0.6095716424008597,116467.5,1.7198090539658315,-1.2026544299341746,0.2100973413106904,70.09563511791055,1.036538300300919,0.4171071788957353,70698.141,0.4699812581344459,0.530018741865554,-0.060037483731108,-1.1696693990981952,5741.22095958821,0.0505549614834326,0.3807160927912603,0.0001,0.0001,0.0001,0.0,1.0567665374340205,1.3300416534606485,1,0,77,0.0003,0.00134057,False,False
2025-08-25,25182.79379,-2.9795603434519924,-0.0302485115739085,-1.5286792406943583,-1.542069000888198,-2.328088316843328,1.7311822044144838,0.114773872671477,-1.6183303948752907,0.0154632427865358,106979.82006050515,True,113446.2,113621.3,109219.8,110064.0,204839.785,22818722034.3374,97227.324,10831873150.4421,-2.981410588093225,-1.541209084269053,-0.0302675824242439,-1.5557951677612567,113613.1142857143,2.49420223573285,-1.6188520465209864,116206.66,1.7962092180575902,-2.2304417946131547,1.475052017825594,53.56687402814535,0.6887754073635286,0.5843996463660105,107612.461,0.474650586066569,0.5253494139334309,-0.0506988278668619,-0.8134923722784466,5455.235761942698,0.0489707232034785,-0.1232569970361553,9.448000000000002e-05,0.0001,8.344e-05,9.560920457780205e-06,0.857663071375915,0.8765776786472372,1,0,78,0.00028344,0.00154941,False,False
2025-08-26,18452.43877,1.499600679235824,0.0148846782912907,0.9027376759679672,0.9041737877756948,-1.575877535915245,0.5765028519673802,-0.7415383259970795,-0.7570461646483538,-0.6444704694427719,107027.41607980365,True,110064.1,112330.0,108559.7,111709.9,145041.438,15983443440.8915,71412.185,7870638924.216,1.495402674807389,0.9444137448093414,0.0148433176236913,0.946052706494011,113453.92857142857,2.4144211164849807,-0.7592158474704533,115949.54333333332,1.802189208044545,-1.5125532370610255,0.2967846910948694,-29.192740560628884,-0.8105260374871989,-0.7210759273169013,73629.253,0.4923571221074077,0.5076428778925923,-0.0152857557851846,0.407175357585988,4611.649853512553,0.0418483244101649,-1.5431859826096714,6.140666666666667e-05,4.522e-05,0.0001,3.3567188344175236e-05,-0.3779264509444059,-0.5762157604639591,1,0,79,0.00018422,0.00156797,False,False
2025-08-27,13392.60875,-0.4484570147495814,-0.0044946559972962,-0.1257545123049859,-0.1171611875744678,-1.6162471370937663,-0.3008057519548789,-0.7123912927024529,-0.7517777262722432,-0.6119857557095302,107069.55134269116,True,111710.0,112568.5,110306.9,111194.9,114205.122,12739237648.6494,57009.686,6360193223.3745,-0.4610155411472028,-0.1547461466351416,-0.0046208149519738,-0.1463764196157343,113021.69999999998,2.3398102610746476,-0.7577858032989493,115721.32666666666,1.7939898121203697,-1.5588531860988797,-0.3053922988086031,-21.260349059694228,-0.6239708909374895,-0.5510588925723318,57195.436,0.4991867702746292,0.5008132297253708,-0.0016264594507415,0.824925641536056,4875.145430253274,0.0437048584841217,-1.0289914894415666,3.600333333333333e-05,1.802e-05,3.496e-05,1.8527045995876765e-05,-1.285460056620802,-1.6769298245402977,1,0,80,0.0001080099999999,0.00156755,False,False
2025-08-28,11104.27744,1.1728082208833035,0.0116598412911834,0.7187104530330065,0.7226428279753496,-1.088078634647016,-0.6698857348781494,-0.4881379252378309,-0.2140218651136645,-0.4913953190847783,107124.25132933106,True,111194.9,113429.0,110811.0,112507.3,97630.277,10988621821.8074,48243.477,5429943327.6128,1.1802699584243517,0.7289380686077397,0.011733590972795,0.7330063478669215,113028.14285714286,2.3370395386011977,-0.216205039247572,115541.67,1.8111998104458344,-1.035253014220641,-0.6121294419264945,-14.51322384647512,-0.4837416366105959,-0.4781945049131095,49386.8,0.4941446289248979,0.505855371075102,-0.011710742150204,0.4269234359174915,4877.705522666819,0.0433368031974062,-0.981693968166526,7.500666666666666e-05,5.297e-05,7.512e-05,2.1980219137518468e-05,0.2791263319752136,-0.1200608681953999,1,0,81,0.0002250199999999,0.00162943,False,False
2025-08-29,22580.31045,-3.7217867774629982,-0.0379281313827635,-1.7797174492212748,-1.8007572394412654,-2.214209929747572,1.1989691453703255,1.5596431597252436,-1.518978784049032,1.5059727346706746,107136.72047033274,True,112507.3,112585.7,107411.4,108332.4,179725.172,19688668760.0572,85606.138,9377659144.8823,-3.710781433738086,-1.7926690420349918,-0.0378138301882711,-1.814583799883135,111804.55714285714,1.960452244183769,-1.5173429615277174,115227.05,1.9248776749735896,-2.168448064004086,0.9218359748954574,84.08753669724811,1.2448648153370474,1.2828905592926592,94119.034,0.4763169067936683,0.5236830932063317,-0.0473661864126633,-0.8216283607604233,5292.489280588692,0.0483117247719492,-0.2598502501831942,3.587e-05,4.261e-05,6.44e-06,2.6705697893895227e-05,-1.2080700607444892,-1.3760870017949118,1,0,82,0.00010761,0.00150541,False,False
2025-08-30,10708.39159,0.4050014117334521,0.0040418348867215,0.3348163253475599,0.3428762419185128,-1.873010103266258,-0.7249933430216968,-1.079762089292886,-1.1023617984555922,-1.0678915455533071,107153.43300296624,True,108332.4,108879.6,107281.0,108757.9,60656.883,6572709736.3117,29582.419,3205457675.0864,0.3927726146563781,0.3047103880188022,0.0039200327686304,0.3127049321874107,110858.95714285714,2.029718025828089,-1.105354551728476,114995.73666666666,1.907056775442303,-1.8402741925609212,-1.2559964847551612,-66.25020172466436,-1.348869243183806,-1.339516942883289,31074.464,0.4877009423646118,0.5122990576353882,-0.0245981152707763,-0.0289355256893444,4702.144808068973,0.043394194923348,-1.1876689364789672,7.848000000000001e-05,7.523e-05,8.042e-05,2.832154656794014e-06,0.5186098986851883,0.4080879105298964,1,0,83,0.00023544,0.00144374,False,False
2025-08-31,9489.51596,-0.5238000583184466,-0.0052517670016201,-0.1651815228063257,-0.1558897765404626,-1.845578781977516,-0.8725162846790447,-0.3701419201998624,-1.0999789186526543,-0.186622272501147,107164.30779895664,True,108758.0,109439.9,108021.0,108208.4,70149.546,7626942442.611,35849.92,3897678579.9297,-0.5052506530560108,-0.1979231356292123,-0.0050653135984223,-0.1888878898130381,110110.6857142857,1.9958420352705053,-1.0955507168763576,114827.85666666666,1.873151858678414,-1.8399291144541785,-1.0239540939254268,15.64977052975176,0.0943093972118114,0.2418071283798247,34299.626000000004,0.5110499218341341,0.4889500781658659,0.0220998436682682,1.5119487790709,5172.768827380004,0.0475770451310021,-0.3723928451673547,4.5056666666666665e-05,-1.232e-05,0.0001,5.619952342621185e-05,-0.9132371114218464,-0.7488740377688037,1,0,84,0.00013517,0.0012789099999999,False,False
