,open_time,open,high,low,close,volume,close_time,quote_asset_volume,number_of_trades,taker_buy_base_asset_volume,taker_buy_quote_asset_volume,ignore,normal_return,30d_zscore_return,log_return,30d_zscore_logreturn,intraday,z_intraday_30,7d_rolling_mean,7d_rolling_volatility,30d_rolling_mean,30d_rolling_volatility,7d_zscore,30d_zscore,30d_zscore_volume,volume_change_%,30d_zscore_volume_change,7d_zscore_volume_change,ema200,above_ema200
0,2025-05-02,96489.9,97895.68,96350.0,96887.14,14905.74811,2025-05-02 23:59:59.999999,1446387651.5840576,2698263,7440.33531,722022817.2246199,0.0,,,,,0.015953407232373595,,,,,,,,,,,,96887.14,False
1,2025-05-03,96887.13,96935.67,95753.01,95856.42,9723.34838,2025-05-03 23:59:59.999999,935906144.9651498,1181239,3929.4049,378271292.4443145,0.0,-1.0638357164841517,,-0.01069534904680462,,0.012337827763649044,,,,,,,,,-34.767793550215856,,,96876.884079602,False
2,2025-05-04,95856.42,96304.48,94151.38,94277.62,11036.38342,2025-05-04 23:59:59.999999,1053542403.8531588,1674726,4385.33486,418573470.8569623,0.0,-1.6470466975503584,,-0.016607613109211234,,0.02283786968741883,,,,,,,,,13.503939061782333,,,96851.02075542686,False
3,2025-05-05,94277.61,95199.0,93514.1,94733.68,17251.18189,2025-05-05 23:59:59.999999,1626999380.1759968,2623300,8399.64855,792299650.3395202,0.0,0.48374152847727725,,0.004825752587870044,,0.01778564920100216,,,,,,,,,56.311911551909446,,,96829.95268820868,False
4,2025-05-06,94733.68,96920.65,93377.0,96834.02,16122.64513,2025-05-06 23:59:59.999999,1526847764.5636685,2512960,7505.95734,711372483.6117135,0.0,2.2170995574119168,,0.021928792437757434,,0.036595093335999,,,,,,,,,-6.541793873579049,,,96829.99315897278,True
5,2025-05-07,96834.02,97732.0,95784.61,97030.5,16644.83854,2025-05-07 23:59:59.999999,1611730124.5924544,2849139,8316.74471,805430612.4055353,0.0,0.20290389679165077,,0.0020269832486365163,,0.020069874936231386,,,,,,,,,3.238881745454636,,,96831.98825191833,True
6,2025-05-08,97030.5,104145.76,96876.29,103261.6,34962.02847,2025-05-08 23:59:59.999999,3508645830.5650144,4991147,18547.23009,1861334478.364427,0.0,6.421795208723036,,0.06224021212940302,,0.07039857991741365,,96982.99714285714,,,,2.1104862920095435,,,110.04726712116243,,,96895.96448821765,True
7,2025-05-09,103261.61,104361.3,102315.14,102971.99,27617.39907,2025-05-09 23:59:59.999999,2847518447.981513,4406929,14525.20381,1497826622.326188,0.0,-0.2804624371499198,,-0.002808564699583071,,0.019871034831899465,,97852.26142857142,2.7270744331578123,,,1.3709870514196227,,,-21.007446425204513,,-0.763139313727054,96956.42245350902,True
8,2025-05-10,102971.99,104984.57,102818.76,104809.53,15324.78611,2025-05-10 23:59:59.999999,1588386278.502415,2227845,8258.23478,856095289.5216646,0.0,1.7845046988020696,,0.017687693367897713,,0.020664246848545283,,99131.27714285713,2.593597016430945,,,1.287850031352327,,,-44.51039335327243,,-1.1626772853871155,97034.56282710595,True
9,2025-05-11,104809.53,104972.0,103345.06,104118.0,17987.12197,2025-05-11 23:59:59.999999,1873381777.2124257,3100176,9071.95578,944903285.107308,0.0,-0.6597968715249425,,-0.0066198315306769204,,0.015625924431894603,,100537.04571428572,2.427401697553616,,,0.8596347278774484,,,17.372744003668195,,0.01843039116823133,97105.0447890253,True
10,2025-05-12,104118.0,105819.45,100718.37,102791.32,31272.77792,2025-05-12 23:59:59.999999,3242348937.383069,5298407,16455.99797,1707457796.5881395,0.0,-1.274208110028996,,-0.012823957677924932,,0.04962559095456699,,101688.13714285714,2.6270954266252544,,,0.3320078970228734,,,73.86204403438535,,1.0076164894614312,97161.62464187083,True
11,2025-05-13,102791.32,104976.25,101429.7,104103.72,21253.42409,2025-05-13 23:59:59.999999,2197244118.1523666,3703531,10705.97845,1106609664.707795,0.0,1.2767615008738131,,0.012686796194268246,,0.034067466561233384,,102726.66571428571,2.5903038322801266,,,0.5269972570637914,,,-32.03857954554233,,-0.8259614317402542,97230.70021757361,True
12,2025-05-14,104103.72,104356.95,102602.05,103507.82,16452.9081,2025-05-14 23:59:59.999999,1704708279.3884108,3025221,8026.03333,831783471.654361,0.0,-0.5724099004339123,,-0.005740544445962826,,0.016954274565921627,,103651.99714285714,2.64933094275493,,,-0.1993804176994266,,,-22.58702395280722,,-0.5792861956052987,97293.15912088135,True
13,2025-05-15,103507.83,104192.7,101383.07,103763.71,17998.98604,2025-05-15 23:59:59.999999,1850183474.529204,4139477,8475.18036,871244345.564136,0.0,0.24721803627976158,,0.0024691295519930546,,0.027077192980088993,,103723.72714285715,1.103183009710835,,,0.05691046411962946,,,9.396988852080202,,0.3022498392947998,97357.54271171836,True
14,2025-05-16,103763.71,104550.33,103100.49,103463.9,15683.88024,2025-05-16 23:59:59.999999,1628832372.324148,3237442,7555.15801,784850382.1942747,0.0,-0.2889353127408567,,-0.0028935353660749547,,0.014013003569360874,,103794.0,1.1036419569931486,,,-0.5187711400124893,,,-12.862423443493043,,-0.28228405396173245,97418.30248573111,True
15,2025-05-17,103463.9,103709.86,102612.5,103126.65,11250.89622,2025-05-17 23:59:59.999999,1160418362.950618,2568597,5335.11525,550379728.7338501,0.0,-0.325959102643536,,-0.0032649150658740724,,0.010640896412324076,,103553.58857142857,0.8065426553407163,,,-0.8718406067575692,,,-28.264587284300756,,-0.776657751612974,97475.10196348504,True
16,2025-05-18,103126.65,106660.0,103105.09,106454.26,21599.98726,2025-05-18 23:59:59.999999,2262214972.0749383,3193300,11664.89904,1221914552.0552013,0.0,3.22672170578604,,0.03175756480007516,,0.03339377869894548,,103887.34,1.49974083961297,,,2.1250739511748673,,,91.98459249497904,,1.5810895775552096,97564.44681956977,True
17,2025-05-19,106454.27,107108.62,102000.0,105573.74,30260.03524,2025-05-19 23:59:59.999999,3150324504.595452,4881371,14208.309,1480452895.0841565,0.0,-0.8271345834351629,,-0.00830574322175089,,0.04838911646021061,,104284.82857142857,1.4279890924212266,,,1.0357724132116293,,,40.09283836957225,,0.7394633513754384,97644.14127907655,True
18,2025-05-20,105573.73,107320.0,104184.72,106849.99,23705.48275,2025-05-20 23:59:59.999999,2509102444.6695986,3878351,12350.46275,1307273652.3895233,0.0,1.2088706907607882,,0.012016222070838009,,0.02934281977939351,,104677.15285714285,1.4211839758041764,,,1.3853053915779578,,,-21.660756301221017,,-0.6734178063829933,97735.74176386186,True
19,2025-05-21,106850.0,110797.38,106100.01,109643.99,45531.040345,2025-05-21 23:59:59.999999,4914709514.320027,6835279,23661.649395,2555528481.098726,0.0,2.614880918566298,,0.025812774424210004,,0.042842019886361396,,105553.74857142857,1.567764198381143,,,1.7524917075829414,,,92.0696609521694,,1.3145762266238734,97854.23179606225,True
20,2025-05-22,109643.99,111980.0,109177.37,111696.21,31630.77313,2025-05-22 23:59:59.999999,3509432834.573417,5794216,16584.56293,1840083098.582786,0.0,1.8717122570968137,,0.018544112729196732,,0.025091540706707993,,106686.96285714286,1.5861192665832626,,,1.608088837461821,,,-30.52921064327594,,-0.8872108884018626,97991.96292246958,True
21,2025-05-23,111696.22,111800.0,106800.0,107318.3,31737.72309,2025-05-23 23:59:59.999999,3469704446.3904047,5251192,14309.31652,1565622441.187517,0.0,-3.919479452346686,,-0.03998359037453153,,0.046590376478196166,,107237.59142857142,2.457968562983027,,,0.0291141536049034,,,0.3381199680464464,,-0.37174490155261547,98084.76229637537,True
22,2025-05-24,107318.3,109506.03,106875.41,107761.91,16782.53129,2025-05-24 23:59:59.999999,1819958819.7748585,2805418,8786.90747,953683093.321657,0.0,0.4133591381898505,,0.004125071563271793,,0.024411408446639405,,107899.77142857143,2.4297812140158435,,,-0.0657050327792027,,,-47.12118685260103,,-1.1278977716195568,98181.05232327711,True
23,2025-05-25,107761.9,109299.99,106600.64,109004.19,17710.04695,2025-05-25 23:59:59.999999,1904366455.425858,3151168,7867.16712,846688135.0097136,0.0,1.1528006509906819,,0.011462065339148519,,0.0247637269723302,,108264.04714285715,2.1773436709742415,,,0.36541402632827114,,,5.526673205445887,,-8.85493969968206e-05,98288.74523548331,True
24,2025-05-26,109004.2,110422.22,108670.58,109434.79,14649.11593,2025-05-26 23:59:59.999999,1605578282.1079032,2887863,7301.11288,800269021.1922797,0.0,0.39503068643507167,,0.003942524889582682,,0.016006244449319997,,108815.62571428572,2.1144443713744194,,,0.3720320873184336,,,-17.283585010484682,,-0.32183388808957625,98399.6511535382,True
25,2025-05-27,109434.78,110718.0,107516.57,108938.17,21276.65635,2025-05-27 23:59:59.999999,2327603851.119265,3735509,9969.89271,1090553624.461599,0.0,-0.4538044985511469,,-0.004548373170012511,,0.02938758747278381,,109113.93714285715,2.119364619326904,,,-0.12353046515994642,,,45.24191392620101,,0.8033610330834762,98504.5120375826,True
26,2025-05-28,108938.17,109284.7,106769.43,107781.78,15633.78829,2025-05-28 23:59:59.999999,1689136748.5130312,2933262,6877.27341,743282966.7207197,0.0,-1.0615103962183348,,-0.0106718460844975,,0.023336690115899034,,108847.90714285716,1.8924258515326546,,,-0.7202699399098551,,,-26.521404337105814,,-0.5428043756881384,98596.82316158676,True
27,2025-05-29,107781.78,108891.91,105322.86,105589.75,19834.70116,2025-05-29 23:59:59.999999,2128639017.5081613,3774926,9457.49356,1015173771.5489898,0.0,-2.033766746104948,,-0.02054732532520838,,0.033801102853259934,,107975.55571428571,1.7394498569475612,,,-1.819042859143853,,,26.870728911476128,,0.9083684068421244,98666.40452316302,True
28,2025-05-30,105589.75,106313.12,103621.0,103985.48,23706.49799,2025-05-30 23:59:59.999999,2493078549.591861,4307572,11070.98746,1164158558.6435854,0.0,-1.5193425498213675,,-0.015310028157546413,,0.02588938378704407,,107499.43857142857,1.158587109647202,,,-1.7488646754142951,,,19.520318449809192,,0.5705347184562057,98719.33064731065,True
29,2025-05-31,103985.47,104900.0,103068.55,104591.88,11289.35922,2025-05-31 23:59:59.999999,1174000801.507038,2343787,5278.95175,548980630.8493577,0.0,0.5831583409529939,,0.00581464554481119,,0.017510441537144154,-0.7462692991909796,107046.57714285715,1.181085525383659,103872.06866666667,,-1.0769279494499722,0.154332575246061,-1.1380974689650214,-52.378629586022626,,-1.545769595635866,98777.76397420309,True
30,2025-06-02,105642.93,105935.63,103659.88,105857.99,13453.98813,2025-06-02 23:59:59.999999,1409004206.9863732,2997656,6494.65497,680177826.6144172,0.0,1.2105241821831703,0.4732219050786675,0.012032559353374168,0.48364370317405925,0.0214981410472653,-0.4668700650596734,106597.12,1.1940244985302266,104171.097,1.897089896104944,-0.3462618422369752,0.3761278864442339,-0.8661938831470121,19.174063539099606,0.26633811128415125,0.4920877191383382,98848.21398441003,True
31,2025-06-03,105858.0,106794.67,104872.5,105376.89,13259.52634,2025-06-03 23:59:59.999999,1402493746.5993218,2470698,6260.22436,662160926.8241225,0.0,-0.4544767948078454,-0.41779347175081016,-0.004555126803574655,-0.4133742806795558,0.018240906521344465,-0.7378785511630885,106017.42000000001,1.1403668323864262,104488.446,1.8850664252991458,-0.36553714258275993,0.21131706617481782,-0.9189086844860155,-1.4453839866736873,-0.23527616294891512,-0.17176903961169046,98913.17593481392,True
32,2025-06-04,105376.9,106000.0,104179.0,104696.86,14034.89482,2025-06-04 23:59:59.999999,1476928482.368878,2274464,6979.9491,734803757.4185839,0.0,-0.645331248625769,-0.5447319500891041,-0.00647422512636591,-0.5425129284014278,0.017393071769296616,-0.782259217143528,105411.51857142858,1.1404547769066307,104835.75399999999,1.8574519356229964,-0.5813700822746997,-0.03717706455164747,-0.8471479648382184,5.847633317496004,-0.05954628620449601,0.24820417357920238,98970.7250299899,True
33,2025-06-05,104696.86,105909.71,100372.26,101508.68,22321.50154,2025-06-05 23:59:59.999999,2301567892.5305448,3963295,10005.36019,1031668517.0427113,0.0,-3.0451534076571196,-1.6816894784209917,-0.030924814911036578,-1.7114239234883197,0.05455149254231276,1.8400753756282917,104515.36142857141,1.4813144543332029,105061.58733333334,1.958747905117683,-2.038026249232159,-1.0827351893393127,0.16034375767945244,59.04288436983101,1.174093444177285,1.418498174898657,98995.97831327359,True
34,2025-06-06,101508.69,105333.0,101095.8,104288.44,15839.07385,2025-06-06 23:59:59.999999,1642382404.9355752,2709327,7655.60679,793575821.4357933,0.0,2.7384456186406947,1.2492115510961013,0.027016209665029333,1.251387069991441,0.040629622995607156,0.8247232888045588,104329.45999999999,1.8852838882665803,105310.068,1.979020350213766,-0.029357265985772242,-0.3527007071277113,-0.6446602546919205,-29.041181115811266,-0.845359321881809,-0.8877445378090603,99048.63962358928,True
35,2025-06-07,104288.43,105900.0,103871.09,105552.15,8344.93206,2025-06-07 23:59:59.999999,877915380.954823,1402494,3970.01912,417664199.1912712,0.0,1.2117450409652175,0.4590499845683158,0.012044621848145592,0.4691843328623156,0.019221872789895834,-0.6995220634692176,104553.27,1.8395469002658054,105594.12299999999,1.9864644291061628,0.6854901271183323,-0.01721459288981708,-1.4878637755455388,-47.31426762051495,-1.1951216110269476,-1.028293000250819,99113.35116962322,True
36,2025-06-08,105552.15,106488.14,104964.14,105734.0,8048.06305,2025-06-08 23:59:59.999999,850887129.4282976,1295154,4361.42266,461098506.088324,0.0,0.17228450581063814,0.049984751104079315,0.0017213626629398297,0.057647548733718225,0.014413528287967919,-1.0715508429538356,104716.43000000001,1.8328842760339363,105676.53633333332,1.615351722656405,0.6674333441698115,0.023961992431493263,-1.4392395068780004,-3.557476656077163,-0.14532843825963515,-0.11560629443574207,99179.22827241303,True
37,2025-06-09,105734.01,110530.17,105318.37,110263.02,19975.37451,2025-06-09 23:59:59.999999,2154922022.221173,2839846,10623.88217,1146790065.5135615,0.0,4.2834093101556725,2.263036232628207,0.0419420963494116,2.2262062981837523,0.04726698035297784,1.5502901877483255,105345.72,2.4030193061155685,105919.57066666665,1.785096783542187,1.8895016353760474,1.7495981001073493,0.04714691433532562,148.20101912596226,2.9297916252049867,1.961628924074355,99289.51475726465,True
38,2025-06-10,110263.02,110400.0,108331.03,110274.39,17071.82839,2025-06-10 23:59:59.999999,1867620550.1921728,3003420,8009.29581,876411274.3969488,0.0,0.010311707406529536,-0.09890257695109368,0.00010311175786527098,-0.09051194309833034,0.018762017182774725,-0.7460584488055306,106045.36285714284,2.3750042145363124,106101.73266666666,1.761522721004534,1.3209236073336346,1.6072307686402234,-0.32097713889890217,-14.535627948033913,-0.4983122255534507,-0.47127876891025433,99398.8169984859,True
39,2025-06-11,110274.39,110392.01,108064.0,108645.12,13115.91638,2025-06-11 23:59:59.999999,1434884639.7506304,2667014,6030.96867,659947218.0033869,0.0,-1.4774690660270262,-0.9177497194480169,-0.01488492352072924,-0.9170909267259512,0.02142765363046214,-0.5538712791984152,106609.4,2.4709972969713756,106252.63666666667,1.781252704784581,0.6222721019518789,0.9172091307225928,-0.7845247382995003,-23.172163634899324,-0.6485810271332915,-0.5252682633857275,99490.82001342633,True
40,2025-06-12,108645.13,108813.55,105671.72,105671.73,17778.67218,2025-06-12 23:59:59.999999,1908309274.0868344,3517420,8291.22648,890420511.4704415,0.0,-2.7367911232460296,-1.5456912146677442,-0.027749388787279217,-1.5591791696657837,0.029731982243500717,0.18798646022038543,107204.12142857144,2.397756271204253,106348.65033333334,1.8408032815308826,-0.6204507581637086,-0.26772434870837425,-0.1614531206433282,35.550362360574915,0.635721761023853,0.39318045499875026,99552.32160533255,True
41,2025-06-13,105671.74,106179.53,102664.31,106066.59,26180.81734,2025-06-13 23:59:59.999999,2735461890.6929703,5452577,12793.70705,1337300355.9952192,0.0,0.3736666372359032,0.16148015414239705,0.0037297023772628075,0.17012906137053901,0.03314163300620866,0.485766200748637,107458.14285714286,2.2051497755537524,106414.07933333333,1.8283823419502114,-0.633608611439938,-0.13935906207952098,0.8809615081269653,47.25968888414478,0.8326548900168647,0.4123131153979867,99617.14019632427,True
42,2025-06-14,106066.59,106252.0,104300.0,105414.64,8798.93969,2025-06-14 23:59:59.999999,925568614.1784064,1521776,3848.55498,405001275.9262716,0.0,-0.6146610351101089,-0.37818653535343927,-0.0061655785271072,-0.37081131777735116,0.018517352049013305,-0.7864461440778271,107438.49857142857,2.1820381346341824,106477.64,1.8289171456999935,-0.9130282988394995,-0.43555095808281696,-1.2485698029539816,-66.39165395132008,-1.547352588106438,-1.2199440191111504,99674.82676153498,True
43,2025-06-15,105414.63,106128.57,104494.53,105594.01,7164.20047,2025-06-15 23:59:59.999999,754596887.8748003,1564768,3356.46912,353608577.6853774,0.0,0.17015663099546607,0.052339523798056814,0.0017001202861056666,0.06116678942313521,0.015474741417624052,-0.9987914300180812,107418.5,2.182010530965462,106538.65,1.8287239525443144,-0.816275787808337,-0.39478205126066657,-1.35850519532634,-18.578820603326573,-0.5235774791533645,-0.4874489082482897,99733.72410719134,True
44,2025-06-16,105594.02,108952.38,104980.37,106794.53,14922.6654,2025-06-16 23:59:59.999999,1599849840.7325244,2928998,7442.34921,797865030.1366178,0.0,1.1369205507016922,0.5523650579945512,0.011305061807508105,0.5583244283925709,0.037193009791793734,0.7962135973963363,106923.00142857141,1.2977816472408914,106649.671,1.8374622309456252,-0.06941107407891352,0.06240061454328677,-0.43241669968742763,108.29491668314523,1.9062229611428139,1.7039645684923075,99803.98088224418,True
45,2025-06-17,106794.53,107771.34,103371.02,104551.17,17866.33025,2025-06-17 23:59:59.999999,1883173484.8991,3723010,8082.6529,852365443.211356,0.0,-2.100631933114927,-1.1504974327123185,-0.02123009135616664,-1.1541784503664323,0.042087716474143645,1.147809545697968,106105.39857142858,1.4135568236980585,106697.155,1.880444692467904,-1.1880300209073307,-0.9492727704295119,-0.11047663764756027,19.72613317457348,0.14879734428861066,0.08892770098952495,99851.21659485866,True
46,2025-06-18,104551.17,105550.27,103500.0,104886.78,13968.64167,2025-06-18 23:59:59.999999,1461383024.362209,3468170,6656.31474,696386846.6904296,0.0,0.32100071190022117,0.19898940550164843,0.0032048660451346727,0.2072473747417543,0.01954745869784547,-0.7834168897034938,105568.49285714286,1.422673909708167,106644.90566666666,1.7842317762652895,-0.9211879209878837,-0.7696028148286901,-0.5471996517891387,-21.81583193336527,-0.6187600674164215,-0.6467792203841345,99901.32170336753,True
47,2025-06-19,104886.79,105226.17,103929.27,104658.59,7678.60737,2025-06-19 23:59:59.999999,803402575.962045,1718045,3583.19736,374871407.4107335,0.0,-0.21755839963816248,-0.11462036632691239,-0.0021779540173212956,-0.10609906283164147,0.01239172054582423,-1.3327333889082853,105423.75857142857,1.0229168077920234,106614.40066666667,1.7783497275467228,-0.9422673552259618,-0.8484082866201876,-1.2227456823136273,-45.029677534852254,-1.0244621631784632,-0.8077036850646869,99948.6577063191,True
48,2025-06-20,104658.59,106524.65,102345.0,103297.99,16419.06283,2025-06-20 23:59:59.999999,1714411911.0114017,3029404,7113.97039,743649283.0800211,0.0,-1.3000366238452021,-0.6764759108519752,-0.013085610610985732,-0.6724452823854626,0.040462065137956645,1.110773687109676,105028.24428571427,1.0788251213759388,106496.00066666667,1.777865343498947,-1.605671169850751,-1.3421960216098396,-0.13623383106433373,113.82865458323334,1.96294350776035,1.4007738548899935,99981.98439580847,True
49,2025-06-21,103297.98,103982.64,100837.9,102120.01,11154.21332,2025-06-21 23:59:59.999999,1144829784.7306418,2172578,4632.93703,475270667.42267615,0.0,-1.1403706887229914,-0.5363512589054285,-0.011469227749354669,-0.5313021391219187,0.030794552409464174,0.3123712848323919,104557.58285714286,1.1161755980013595,106245.20133333333,1.7112705035692426,-1.6116697204564128,-1.6939201083844397,-0.8274164098515272,-32.06546904967291,-0.7440997688924996,-0.7464209546226253,100003.25828241734,True
50,2025-06-22,102120.02,103399.62,98200.0,100963.87,28746.41072,2025-06-22 23:59:59.999999,2892695407.808688,5121309,13142.02965,1322387353.31664,0.0,-1.132138549535977,-0.4841582374081714,-0.011385960226360707,-0.47918552485355,0.05149980879298699,1.9481186293915447,103896.13428571429,1.1045944220167148,105887.45666666665,1.671936005555444,-1.5141119762189923,-2.0558782089635237,2.040287636400045,157.7179572893447,2.5277780010194553,1.3957431870373962,100012.81660796543,True
51,2025-06-23,100963.87,106074.2,99613.33,105333.93,27666.50609,2025-06-23 23:59:59.999999,2836166831.044449,4944207,13408.20163,1375654853.258466,0.0,4.3283404251441615,2.5193995550298083,0.0423728593887924,2.4900599713098357,0.061337025970643985,2.5111688194340154,103687.47714285714,2.135013076661678,105821.311,1.7369496026086604,1.0125277873481717,-0.20466446376333033,1.9893290780376494,-3.7566590156894564,-0.27457727129643833,-0.392619393426079,100065.76300987623,True
52,2025-06-24,105333.94,106290.0,104622.02,106083.0,14651.69335,2025-06-24 23:59:59.999999,1543451113.4563613,2973481,6848.32158,721631005.2893264,0.0,0.7111383767794521,0.43029722532616765,0.007086217120930923,0.43978324762696036,0.015723348698660444,-0.9607412281726558,103906.30999999998,1.9710658304850732,105765.34733333332,1.740522571042368,1.1769560914179065,0.13495566221031463,-0.2475736255421778,-47.041764860595016,-1.0261125672546607,-0.7751953004486445,100125.6360147531,True
53,2025-06-25,106083.0,108135.3,105808.03,107340.58,16701.15551,2025-06-25 23:59:59.999999,1789545470.94629,2988892,8576.13709,919352853.806412,0.0,1.185467982617383,0.7018781962911251,0.011784963544526447,0.7103950253541292,0.021681175935512963,-0.49986202255180195,104256.85285714285,2.004921871339432,105709.89366666667,1.7413031693805014,1.3678478047062277,0.7109575183183533,0.11226865192781131,13.987885980428327,0.02853733779262521,-0.10481265088110513,100197.4265021685,True
54,2025-06-26,107340.59,108272.45,106562.5,106947.06,10573.27279,2025-06-26 23:59:59.999999,1136093974.6816013,2597742,4983.08998,535471528.1944927,0.0,-0.36660878858676416,-0.17496895684750552,-0.003672824455672302,-0.1680035742118584,0.01598875181795551,-0.9298502722084775,104583.77714285713,2.012703682004739,105626.96933333334,1.740343352724027,0.953968768489744,0.6007837564480033,-0.9108458527938037,-36.691369745829036,-0.8337272055570778,-0.7521647765263345,100264.58703448523,True
55,2025-06-27,106947.06,107735.34,106356.76,107047.59,12232.44042,2025-06-27 23:59:59.999999,1308420348.9100096,2304499,4862.2801,520251258.3787664,0.0,0.09399977895605538,0.07926689483157193,0.0009395562683027059,0.08810874172652916,0.012878197444706618,-1.0989438354012562,105119.43428571429,1.890174402705943,105563.95,1.738965103521758,0.7540529479349444,0.6981965893506784,-0.5818251621189189,15.692091398315288,0.08630009802342845,0.08592190673894642,100332.07960130628,True
56,2025-06-28,107047.58,107577.75,106811.51,107296.79,3282.17352,2025-06-28 23:59:59.999999,352025390.60311353,653305,1514.41959,162441164.0132396,0.0,0.2327936574751499,0.13505492195368082,0.0023252311283283957,0.1440294784645414,0.007141313360819138,-1.4306171177819966,105858.97428571428,1.7548607561837597,105547.78366666666,1.7288727479281192,0.6310589875157713,0.8291909262494398,-1.9123280614410967,-73.16828525374498,-1.3872849192005423,-1.020606157661797,100401.3802022883,True
57,2025-06-29,107296.79,108528.5,107172.52,108356.93,6831.7364,2025-06-29 23:59:59.999999,736708189.9495683,1223202,3771.10895,406653127.0920804,0.0,0.9880444699230884,0.5242082507783347,0.00983195226177919,0.5327641944039512,0.01251401271704538,-0.9834976689034081,106915.12571428572,1.552879562481155,105640.023,1.694014820702341,1.4901944356136456,1.251570188138558,-1.2497523790999825,108.14671614314895,1.5534875523497167,1.8835913320309947,100480.53990176802,True
58,2025-06-30,108356.93,108789.99,106733.33,107146.5,9754.12491,2025-06-30 23:59:59.999999,1050407152.345058,1773485,4331.3813,466474537.7882122,0.0,-1.11707668351253,-0.7314443286150212,-0.011233628430860393,-0.7316975475783142,0.01919484070874927,-0.49573422600897554,107174.0642857143,0.8068586312831931,105745.39033333333,1.682306392371547,-0.041085327928207106,0.6473352443840326,-0.7359136185889237,42.77665792257444,0.4843185059363751,0.6390012184367868,100546.86786294446,True
59,2025-07-02,105681.13,109730.0,105100.19,108849.6,17691.89592,2025-07-02 23:59:59.999999,1915699005.8772893,2444708,9248.43029,1002261738.2088752,0.0,1.5895059567974767,0.8475891559576587,0.015770055994938744,0.8537513407251327,0.04253401023063013,1.0653462621831888,107569.29285714286,0.9471990196748586,105887.31433333333,1.701914471120197,1.7465336586594777,1.3314075826915677,0.5131595863378302,81.37860734038927,1.0335231956244826,0.9434159002874364,100629.48211306443,True
60,2025-07-03,108849.59,110529.18,108530.4,109584.78,13047.08225,2025-07-03 23:59:59.999999,1429459048.638326,2568944,6961.89686,763022147.911677,0.0,0.6754090047184302,0.3226291672922549,0.006731383365643195,0.3315255158428424,0.01823957670034104,-0.6026508084451131,107889.89285714286,0.8922431380341217,106011.54066666667,1.693165175289835,1.6265671896025227,1.5368619259344067,-0.23542895728813396,-26.25390569220577,-0.667396020163343,-0.6416826128648506,100718.58955472548,True
61,2025-07-04,109584.77,109767.59,107245.0,107984.24,11793.86615,2025-07-04 23:59:59.999999,1276215111.6683652,1975212,4787.79822,518313226.966756,0.0,-1.4605495398174795,-0.9074091876045933,-0.014713205707567904,-0.9109954685903365,0.023360723750058307,-0.2634577851019443,108038.06142857144,1.0999672043396551,106098.45233333333,1.7149466161841629,-0.056312482654494074,0.8027739783923283,-0.42893444702018946,-9.605336089607308,-0.3968998615873053,-0.46800931455188605,100790.8845840317,True
62,2025-07-05,107984.25,108420.56,107756.31,108198.12,3736.9757,2025-07-05 23:59:59.999999,403928702.1967476,710020,1803.68528,194976807.36330116,0.0,0.19806593999271982,0.043494163140211976,0.001978700480306492,0.05192448856621244,0.006139200939905425,-1.3898606447373179,108202.42285714287,1.0998952777178674,106215.16100000001,1.709285086667908,-0.00506137453061248,0.8388215847202869,-1.5946465704728996,-68.31424358669697,-1.2561936660501327,-1.0679566813434096,100864.58841901647,True
63,2025-07-06,108198.12,109700.0,107800.01,109203.84,6447.607,2025-07-06 23:59:59.999999,700733299.51122,1256591,3209.35902,348780644.233174,0.0,0.9295170747883663,0.41921300774159886,0.009252236497324772,0.4279194906854502,0.01739856400654048,-0.5830625124116762,108474.85857142857,1.138630583886812,106471.66633333334,1.6061191582629006,0.8928715028556781,1.214056375123878,-1.1043890823701143,72.53542751161052,0.9116645147077274,0.678188528381621,100947.56604668795,True
64,2025-07-07,109203.85,109700.0,107513.2,108262.94,9405.37601,2025-07-07 23:59:59.999999,1020848316.053704,1961940,3920.92229,425664101.8022387,0.0,-0.8615997386172469,-0.6447089205205063,-0.008653329682976453,-0.644864367913023,0.020198971134536,-0.340671839808978,108461.43142857144,1.1553531981401988,106604.14966666668,1.547689548896946,-0.24221750278788576,0.7423792760370068,-0.6106276603190756,45.8739034497605,0.4647010672133801,0.4697157920914285,101020.35583726817,True
65,2025-07-08,108262.94,109216.56,107429.57,108922.98,9216.0208,2025-07-08 23:59:59.999999,1000112813.4398944,1723244,4371.98866,474674358.9974899,0.0,0.6096638424931022,0.3210683954238403,0.0060781291164992805,0.3299453979706295,0.016405996236973967,-0.607950463454728,108715.21428571429,1.0590862152939893,106716.51066666668,1.5371294809974556,0.3543760434095446,0.9744799435411445,-0.6464031796188853,-2.01326570887409,-0.30300020613471884,-0.2794239617878169,101098.98891351427,True
66,2025-07-09,108922.99,111999.79,108324.53,111233.99,17282.2865,2025-07-09 23:59:59.999999,1902054744.194924,2328484,8935.70327,983405508.7482138,0.0,2.121691859697572,1.2280651297242726,0.02099497361671242,1.2315445050504332,0.0330407998490389,0.5570111196953299,109055.84142857142,1.1838579184877345,106899.84366666667,1.580186116458774,1.9383513446866563,1.805503084862747,0.5567540573300418,87.52438688072404,1.0357612849828934,1.30016562504418,101199.83469546937,True
67,2025-07-10,111234.0,116868.0,110500.0,116010.0,24883.450665,2025-07-10 23:59:59.999999,2826460280.445224,3227017,12900.135467,1465777460.9410756,0.0,4.293660597808269,2.6008389063718425,0.042040393709379065,2.5725025799050925,0.05489181967071804,2.059621884694875,109973.73,1.9248927264705975,107091.40966666667,1.5811046530199027,2.096077014922949,3.115191627604061,1.656671771753678,43.98239876997758,0.4488464917747498,0.3637578907842796,101347.19952437017,True
68,2025-07-11,116010.01,118869.98,115222.22,117527.66,25873.521148,2025-07-11 23:59:59.999999,3039521803.027247,3708194,12502.931168,1468374333.9502125,0.0,1.3082148090681978,0.6797447755756201,0.012997315848983379,0.6875735109284904,0.03103745960738089,0.3509605387817665,111337.07571428572,1.638190865788355,107333.18533333334,1.5939648381115852,1.599717071381913,3.0006772345006256,1.6776532739506123,3.978831136923433,-0.22429927751423454,-0.41997245563505153,101508.19913109286,True
69,2025-07-12,117527.66,118200.0,116900.05,117420.0,8446.60437,2025-07-12 23:59:59.999999,993093353.4068904,1441851,3784.55219,444996040.90597874,0.0,-0.0916039679510372,-0.23198522570295696,-0.0009164595002588142,-0.22616879714260923,0.011070941917901525,-1.016858734283947,112654.48714285714,1.6718694836225065,107625.68133333333,1.5627073147970072,1.13997914338319,2.537114066372475,-0.7879112740330347,-67.35425255153989,-1.350271718239665,-1.7788571474783479,101666.52550789791,True
70,2025-07-13,117420.0,119488.0,117224.79,119086.64,9550.792947,2025-07-13 23:59:59.999999,1132096857.0116916,1650283,4766.474307,565024389.3723919,0.0,1.4193834099812674,0.6878446079338915,0.014094044790011754,0.6959458704698513,0.01900473470407769,-0.4404210934542472,114066.31571428571,1.6695424781738917,108072.845,1.4682432718741993,1.120876161035427,2.520527028751492,-0.5918780954834163,13.07257364772254,-0.03543869852249362,-0.09856631573821122,101839.85998045615,True
71,2025-07-14,119086.65,123218.0,118905.18,119841.18,27269.348877,2025-07-14 23:59:59.999999,3299746181.0770736,4076133,14099.580747,1705505292.664724,0.0,0.6336059191862198,0.14670636484202954,0.006316070756330813,0.15454418556410077,0.035987796515354796,0.7262482824402268,115720.35,1.4320635000651392,108531.99799999999,1.46879165330818,1.004961476262817,2.332285415539716,1.8926196898085712,185.5192132038165,2.4060462952722235,1.8384225480631946,102018.97759259092,True
72,2025-07-15,119841.17,119940.83,115736.92,117758.09,32018.46083,2025-07-15 23:59:59.999999,3755258445.553272,3805374,15667.30508,1837578524.9238648,0.0,-1.738208852749945,-1.4034319745059676,-0.01753493076270058,-1.4196271200599433,0.03569954302078102,0.6643161065917298,116982.50857142857,1.8740711871790847,108943.44633333334,1.5097861045908993,0.2751259778455617,1.7307759904760311,2.2394229603127798,17.41556783926579,-0.07837232653142598,-0.29313051217259595,102175.58567624673,True
73,2025-07-16,117758.08,120063.84,117017.29,118630.43,17039.90851,2025-07-16 23:59:59.999999,2023850383.7234871,2429625,8355.96881,992430971.3675904,0.0,0.7407898684498093,0.22579585228160068,0.0073805949622627876,0.23394551866119373,0.02568101624515736,-0.04784671941097597,118039.14285714286,1.8249645103007561,109377.99366666666,1.5106367809251604,0.4690300533357174,1.7303777613015754,0.28197443437077463,-46.78098800416321,-1.011901085616565,-0.8313711447200374,102339.31547051294,True
74,2025-07-17,118630.44,120998.71,117453.57,119177.56,15728.57651,2025-07-17 23:59:59.999999,1869114355.1231644,2347985,7696.17927,914659207.5744278,0.0,0.4612054428193568,0.05586352653811247,0.004601451493544703,0.06340427763004414,0.029746707349940706,0.25362810024477145,118491.65142857142,1.0685995426645998,109790.76133333333,1.5042897565472675,0.7311257839785521,1.672588578990213,0.1079171152690268,-7.69565164760383,-0.3878755952332979,-0.26494581680587487,102506.86019219938,True
75,2025-07-18,119177.56,120820.71,116812.76,117924.84,19924.66266,2025-07-18 23:59:59.999999,2367355518.470308,2805236,8951.37863,1063782057.4785626,0.0,-1.0511374792368633,-1.0049304787227702,-0.01056700950065718,-1.0123454370451495,0.03398732616469958,0.5789275541365215,118548.39142857141,1.1024405624651354,110236.55033333333,1.4561118114784644,-0.7082872395731061,1.3460221291610694,0.6415489191022117,26.678104959671266,0.130438826391785,0.11485590369012291,102660.27292660536,True
76,2025-07-19,117924.84,118499.9,117277.34,117840.0,6635.80306,2025-07-19 23:59:59.999999,783327898.4969696,1133382,2978.3832,351626384.05029035,0.0,-0.07194412983727583,-0.3228844528829244,-0.0007197002204572691,-0.3189334900150544,0.010374745417515254,-1.0616592629230535,118608.39142857143,1.1020344543052796,110668.32433333334,1.458725016911474,-0.9587918812069821,1.2402042761019323,-1.026976476134696,-66.69553119550783,-1.2371912133688279,-1.0270188415773907,102811.31498703716,True
77,2025-07-20,117840.01,118856.8,116467.02,117265.12,12962.92889,2025-07-20 23:59:59.999999,1528864683.816082,1615935,6581.33371,776457462.9818255,0.0,-0.48784792939579047,-0.5998624885411606,-0.004890417918115617,-0.5997748635328448,0.020379290960517493,-0.3850873380289062,118348.17428571428,0.9314067975897387,111088.54199999999,1.4634917073972884,-1.1917687951266598,1.0669646706241827,-0.24916508654164873,95.34830634349775,1.093231032299809,0.7623968298996829,102955.13394239002,True
78,2025-07-21,117265.11,119676.73,116515.0,117380.36,17107.33128,2025-07-21 23:59:59.999999,2020783266.9633648,2509543,8426.31812,995117241.6679094,0.0,0.098273041463659,-0.23668363234859777,0.0009822478512299445,-0.2319272910094143,0.02693576676711501,0.11369221609842957,117996.62857142856,0.8699495929623857,111557.95433333333,1.429685380093445,-0.9024823677955095,1.0204400343870275,0.2810653619692631,31.971188187239985,0.20501701565555353,0.4595686112276412,103098.66853002794,True
79,2025-07-22,117380.36,120247.8,116128.0,119954.42,20959.12973,2025-07-22 23:59:59.999999,2481252763.6519103,2778733,10811.45507,1280627214.6285224,0.0,2.192922223104432,1.1485141535885899,0.021692235206271098,1.153261417912482,0.034344711933082604,0.637564317414509,118310.39,1.0345673492757792,112152.43466666667,1.4324214324191102,1.660057087704507,1.3890138427532663,0.7304442614895559,22.515484074965553,0.03328268118170764,0.2698205171825438,103266.38745012716,True
80,2025-07-23,119954.43,120090.0,117301.0,118755.99,14558.75083,2025-07-23 23:59:59.999999,1722126986.886661,2101404,7070.08701,836266328.744683,0.0,-0.9990711471907332,-1.0869063156388812,-0.01004095354590667,-1.0955039092630543,0.023485131150016096,-0.08162065637252516,118328.32714285713,1.1086466089672953,112745.50533333333,1.4272367719424977,0.42842805784669546,1.1283843823643234,-0.029366261294379747,-30.53742680374163,-0.7437272921203808,-0.7883991774819955,103420.51284863337,True
81,2025-07-24,118756.0,119450.0,117103.1,118340.99,15806.89043,2025-07-24 23:59:59.999999,1873181653.2018075,2081435,7651.73992,906619084.6035932,0.0,-0.34945605691132364,-0.5993356214617341,-0.0035006808084234644,-0.5984766987988561,0.019831674553339413,-0.3024985321353587,118208.81714285714,1.0972004921609013,113179.07400000001,1.2442628052647855,0.14255920446619622,0.9867825838042928,0.2042663594031611,8.573122890653927,-0.09882639929556732,-0.07779328264945115,103568.97530785095,True
82,2025-07-25,118340.98,118451.57,114723.16,117614.31,38406.34873,2025-07-25 23:59:59.999999,4456778786.620495,3282355,17042.77355,1977873720.8964725,0.0,-0.6140560426273312,-0.7691326304379165,-0.006159491204291899,-0.7708776968661111,0.03170030925658624,0.725850899871915,118164.45571428572,1.0449425547434816,113563.45099999999,1.2561654802078068,-0.5790156464184044,0.792110307906825,2.8171597081249145,142.97219557559745,1.934542161783339,1.5946240749976113,103708.7298819022,True
83,2025-07-26,117614.31,118297.35,117138.38,117919.99,6991.67206,2025-07-26 23:59:59.999999,823629079.7493103,790372,3167.88355,373290310.2164352,0.0,0.25990034716014687,-0.049224314555017606,0.002595631902628258,-0.04352876720312794,0.009828443845695723,-1.191073194975098,118175.88285714286,1.050395890280652,113916.098,1.246319350699139,-0.27048287699761353,0.795331763948841,-0.9381672312162436,-81.79553044953045,-1.509733508094367,-1.45279860347687,103850.1354552166,True
84,2025-07-27,117919.99,119766.65,117825.5,119415.55,9328.30919,2025-07-27 23:59:59.999999,1107883542.1607983,1095080,5238.30358,622261561.2507277,0.0,1.268283689644134,0.7134936299610618,0.012603083346820849,0.7199063282471319,0.016255420671763384,-0.6239784821609909,118483.08714285716,1.1179935391653006,114331.71433333332,1.250939985037914,0.981373656175893,1.0263979195360646,-0.6522596939806232,33.42029073943722,0.2065627240950658,0.22151762230371863,104005.01520193087,True
85,2025-07-28,119415.56,119800.0,117427.5,118062.32,13961.74754,2025-07-28 23:59:59.999999,1655882235.896518,1824777,7224.91774,857128354.2234088,0.0,-1.1332108758030257,-1.1467396559280187,-0.011396806340220294,-1.1548580251206437,0.020095319150089545,-0.30981832223706224,118580.51,1.2389938569714993,114698.872,1.2801945282389968,-0.6112991686023448,0.7006590059219919,-0.10766517834262417,49.67072012328957,0.43730381373432703,0.4152170835980084,104144.88888151366,True
86,2025-07-29,118062.32,119273.36,116950.75,117950.76,15137.93445,2025-07-29 23:59:59.999999,1788682083.6856463,1956694,7988.93736,944162800.0745872,0.0,-0.09449246804570377,-0.3262582917171349,-0.0009453714032179849,-0.3224600424393433,0.019691352561017842,-0.3981578552135374,118294.27285714286,0.8237981097904864,115054.00433333333,1.282486600897814,-0.5613449791693003,0.6263531055179324,-0.015071636026711908,8.4243530878227,-0.24476760933878677,-0.1465649013129811,104282.2607334389,True
87,2025-07-30,117950.75,118792.0,115796.23,117840.3,15586.73631,2025-07-30 23:59:59.999999,1832696878.222986,1997369,7803.61434,917632890.2336526,0.0,-0.0936492482117024,-0.29844415169429905,-0.0009369312651676298,-0.294567974904943,0.025422287621467393,0.09725009867797454,118163.46,0.752257366940394,115370.11666666667,1.2783705369595375,-0.5436583358145408,0.5522601104543592,0.004399920629087056,2.9647496590923472,-0.2846894597391992,-0.3054566188381119,104417.16659678778,True
88,2025-07-31,117840.29,118922.45,115500.0,115764.08,17010.0073,2025-07-31 23:59:59.999999,2002870016.7022424,1859532,8313.51616,979519362.0685424,0.0,-1.7618930026484958,-1.5508004074489412,-0.01777599093867902,-1.5684885140330358,0.029564006382636107,0.45823742712479143,117795.33,0.9821011792600489,115657.36933333334,1.3078872547645466,-1.8945812228058774,0.025440137794186836,0.15462079524098,9.131295748468338,-0.16544762313065975,-0.21481149552286347,104530.07120776502,True
89,2025-08-02,113297.92,114063.49,112003.0,112546.35,11507.33428,2025-08-02 23:59:59.999999,1301882737.326722,2165714,5060.00835,572586383.0717313,,-2.7795582187497114,-2.077918068280232,-0.028189190241523204,-2.1101723696096584,0.018307923802060262,-0.5616067760487369,117071.33571428571,1.3616188766201127,115780.59433333334,1.3957729495896427,-1.9989112177543815,-0.8007322704106566,-0.5167324695786522,-32.3496217429607,-0.7910288649467349,-0.7055151483607179,104609.83517584697,True
90,2025-08-03,112546.35,114799.97,111920.0,114208.8,7397.76046,2025-08-03 23:59:59.999999,841090034.1542541,1419281,3738.18331,425246221.2955304,,1.4771247579330682,0.9401450689866977,0.014663215250676506,0.9441647937342824,0.025216708344716003,0.10506803883257874,116541.16571428571,1.556395949731632,115934.72833333333,1.4143107600471745,-0.9488553772613928,-0.4448729636232084,-0.9970517316153359,-35.712648298942085,-0.838051896863506,-1.302072704587513,104705.34726364948,True
91,2025-08-04,114208.81,115720.0,114107.6,115055.03,9667.67916,2025-08-04 23:59:59.999999,1109938874.0629709,1954230,4715.29351,541443274.8093747,,0.740949909288946,0.37557550751937296,0.007382183600908784,0.38242990923584985,0.014014163483334837,-0.97099524521104,115918.2342857143,1.469992038128108,116170.42133333333,1.3848057528938187,-0.40332498537647593,-0.311265233865876,-0.7016769633341652,30.683863207974138,0.23553900409933579,0.8404957643390119,104808.32918142412,True
92,2025-08-05,115055.03,115127.81,112650.0,114129.75,12042.79078,2025-08-05 23:59:59.999999,1371861747.1466167,2581052,5622.66754,640570774.1010684,,-0.8042064740672372,-0.7096343655951189,-0.008074576568790104,-0.708883842090182,0.02171046550088822,-0.27826097948332795,115356.43857142857,1.4522962522953469,116368.14233333334,1.397407210679617,-0.6149410179592633,-0.6826286114040744,-0.4570882939059609,24.56754698508219,0.08633560363395791,0.9063969670669877,104901.07963733036,True
93,2025-08-06,114129.75,115716.0,113355.13,114992.27,9761.15318,2025-08-06 23:59:59.999999,1118028732.8589184,2026500,4872.24748,558193207.677072,,0.7557363439418818,0.4116553862722293,0.00752894963418136,0.4186424882426485,0.02053068436687088,-0.41494611965276834,114933.79714285715,1.523121212224794,116561.09,1.394582334528266,0.03577669998349777,-0.5226726039456846,-0.7751114730783476,-18.946086847155208,-0.6121104089120907,-0.6054222747706223,105001.48949168528,True
94,2025-08-07,114992.27,117621.0,114259.0,117472.01,13468.56263,2025-08-07 23:59:59.999999,1564454297.836927,2314671,7008.73753,814088870.444632,,2.1564406024856986,1.314990943351124,0.021335183728332856,1.3131001480200055,0.028619583507594703,0.40543458105598934,114881.18428571428,1.7991946424858254,116868.059,1.4252495448165277,1.6959330426182073,0.2356975267303124,-0.3133896276342058,37.981264934928525,0.37683324475180086,1.1592558783885933,105125.57427286255,True
95,2025-08-08,117472.02,117630.0,115878.71,116674.74,10045.31278,2025-08-08 23:59:59.999999,1172199778.7242548,2095304,4584.90574,534970598.46875024,,-0.6786893320374743,-0.6399741772656401,-0.00681002901994848,-0.6380264564126584,0.015010018449580376,-1.0152118311172953,115011.27857142857,1.6672335948148616,117126.45099999999,1.4344244156516968,1.0085748017521026,-0.2172941740006685,-0.7696875010783302,-25.416593767586026,-0.7023552268966748,-0.7018881103298094,105240.49134477437,True
96,2025-08-09,116674.74,117944.05,116299.13,116462.25,9514.13144,2025-08-09 23:59:59.999999,1111837601.7023723,1390951,4869.85416,569228301.1169946,,-0.18212168289383213,-0.24772532134991826,-0.0018228772606176664,-0.24241285853325026,0.014124061659464747,-1.0358979854989079,115570.69285714287,1.1088587669818963,117300.72633333334,1.3911906521374504,0.6851260146946747,-0.4756152995914116,-0.7969185269441459,-5.287852669531324,-0.31123670242790086,-0.21600540932780113,105352.15063487612,True
97,2025-08-10,116462.25,119311.11,116460.63,119294.01,14322.77073,2025-08-10 23:59:59.999999,1694198747.8718708,2317065,8023.43513,949082473.721322,,2.4314831629991707,1.8904439575856518,0.024023932127064194,1.8736868825284556,0.023894577774692928,0.11007119571425203,116297.15142857142,1.2930987633513347,117410.19333333334,1.233067114388626,1.707873060418234,1.0572094776371146,-0.12665337967277943,50.5420733392769,0.668811235007425,1.24702641490987,105490.87560368332,True
98,2025-08-11,119294.27,122335.16,118050.11,118686.0,26494.33429,2025-08-11 23:59:59.999999,3194611530.541069,4021743,13243.42946,1596640461.643077,,-0.5096735368355865,-0.4518229998983952,-0.005109768025592827,-0.44724200420296273,0.036104089783125244,1.6325322598409466,116815.86142857141,1.3600957668775329,117448.80466666668,1.2162199491127814,1.0055185150337287,0.6884799520481648,1.4956139878595338,84.98050963355746,1.1964400795414492,1.5855213581524032,105622.17037379593,True
99,2025-08-12,118686.0,120324.43,118207.47,120134.08,16720.10893,2025-08-12 23:59:59.999999,1992762473.5852573,2737841,9265.05962,1104367998.1961715,,1.2200933555769122,0.9204381804312242,0.01212710210107966,0.920880884838186,0.01762164408301118,-0.7624062089450081,117673.62285714285,1.2598150095171483,117539.27399999999,1.2347678817691246,1.3683325134577276,1.3930969313958188,0.15654838012097694,-36.89175675453441,-0.9322263643794415,-1.0790383506207764,105766.56748450443,True
100,2025-08-13,120134.09,123667.79,118920.92,123306.43,23210.07102,2025-08-13 23:59:59.999999,2811581348.3874574,3712817,11931.26825,1446045988.0483146,,2.640674486373884,1.9374796153253098,0.02606410567702287,1.9207440717322715,0.038496532581471996,1.7881153959660767,118861.36,1.4503104690350226,117679.93366666666,1.2988002096623499,1.8655553099603053,2.648471076600739,0.9689559266533274,38.81530985934791,0.3791617831856062,0.40961070273071,105941.09347968349,True
101,2025-08-14,123306.44,124474.0,117180.0,118295.09,27980.947586,2025-08-14 23:59:59.999999,3359128391.108524,4350449,13402.078476,1608719584.8697336,,-4.06413517932519,-2.683414657328547,-0.04149029256629387,-2.7233491217374164,0.061659363883995524,3.5335757256263483,118978.94285714287,2.2927266657657848,117628.39733333333,1.5024958420557706,-0.2944774419279194,0.3191984459216607,1.6004110209401308,20.555200205501123,0.1875693719586124,0.05430952874715728,106064.0188181941,True
102,2025-08-15,118295.09,119216.82,116803.99,117342.05,13623.33874,2025-08-15 23:59:59.999999,1607609329.6851013,2895016,6141.41708,724799635.8172467,,-0.8056462867562786,-0.5452233882467838,-0.008089091530436165,-0.5384885464048691,0.020562364472071194,-0.37954745684283236,119074.27285714286,2.3006095839975367,117614.52933333332,1.475387719576503,-0.7790515776269058,-0.1304267635089694,-0.26452620658778886,-51.31208942038723,-1.2405437599375768,-1.3497518678617744,106176.23803393348,True
103,2025-08-16,117342.04,117898.99,117143.98,117380.66,6393.68117,2025-08-16 23:59:59.999999,751719391.7723638,1179842,2995.22865,352158781.0964551,,0.0329038055837616,0.03930561902773831,0.00032898393468814104,0.0462839332051129,0.006432149895902862,-1.618891730342266,119205.47428571428,2.29758011695655,117572.87033333333,1.4687569975589894,-0.8836253969408603,-0.0923811168280724,-1.2371002695019027,-53.06817739745932,-1.2654014035810754,-1.105530398414364,106287.72481966548,True
104,2025-08-17,117380.66,118575.0,117172.21,117405.01,5898.64192,2025-08-17 23:59:59.999999,695629197.9038073,1177563,2804.73113,330799448.0903654,,0.02074447357851561,0.04110231350388911,0.00020742322210116917,0.04806925293312472,0.011948297606720478,-1.0348154518336692,118935.61714285715,2.0648934797305043,117513.78533333333,1.4659297289302045,-0.7046060271058837,-0.05284117362007082,-1.2268235790921653,-7.742632715606613,-0.34332462366045347,-0.13695755805707685,106398.34457270365,True
105,2025-08-18,117405.01,117543.75,114640.14,116227.05,17745.93954,2025-08-18 23:59:59.999999,2053814085.4717777,3346280,7647.70667,885108979.4887484,,-1.0033302667407429,-0.6590685243439048,-0.010083975477294543,-0.6533167502085115,0.024982222296788918,0.19428437831185058,118584.33857142857,2.0851924398260886,117457.19233333334,1.4648176557013226,-0.9798918287469571,-0.5942290993185388,0.42832531755507136,200.84788635550876,3.0820464266490544,2.0815844961897607,106496.14263665685,True
106,2025-08-19,116227.05,116725.69,112732.58,112872.94,18065.47424,2025-08-19 23:59:59.999999,2065010895.8584664,3291182,8609.4137,984093545.594422,,-2.8858256318128994,-1.7717941733214575,-0.02928284432910472,-1.7841784474338795,0.03537703545242997,1.0921504321266524,117547.03285714285,2.168769819157928,117291.62366666667,1.5544212568547546,-1.511056331358098,-1.9807018793456526,0.42808908056009887,1.8006073968625635,-0.26414367422411783,-0.22755875563201677,106559.59335669012,True
107,2025-08-20,112872.95,114615.38,112380.0,114271.24,15636.34194,2025-08-20 23:59:59.999999,1776149566.1247735,2998370,7209.58575,819330970.2158619,,1.2388265956393196,0.8348903172383264,0.012312159298069381,0.8342587561715716,0.019562052533953465,-0.38895602172627425,116256.29142857144,1.829076148911089,117191.82766666666,1.572639970854969,-1.0071585667082166,-1.2708999017169007,0.06998907548124919,-13.44626920793196,-0.4767559221048877,-0.31599032577840136,106636.32615911112,True
108,2025-08-21,114271.23,114821.76,112015.67,112500.0,10839.69235,2025-08-21 23:59:59.999999,1227373788.615563,2357380,5346.48007,605400341.4544928,,-1.550031311465605,-0.8908433271113264,-0.01562169894735077,-0.8871037112296887,0.02494302222222219,0.1219003000429036,115428.42142857143,1.3177528114176704,117029.149,1.5950420250805801,-1.3445219720349906,-1.847248708973253,-0.5808511836895163,-30.67628994304278,-0.7378213402634082,-0.42300323492328623,106694.67117245331,True
109,2025-08-22,112500.0,117429.05,111684.79,116935.99,23128.09037,2025-08-22 23:59:59.999999,2656625122.2777863,3438518,11843.59711,1359907711.8726692,,3.943102222222228,2.3463103395257767,0.03867346942564925,2.308464743998057,0.049123114278162,2.177604596382483,115370.41285714286,2.191483336720537,116928.53466666667,1.7107121714725915,0.7373328359960761,0.0031209861416471867,1.1392747154397014,113.36482275716988,1.6441436764277437,0.904073081643835,106796.57484237915,True
110,2025-08-23,116936.0,117030.0,114560.0,115438.05,11329.36197,2025-08-23 23:59:59.999999,1308825428.0143583,1559569,5083.35014,587273893.1314433,,-1.2809914210329953,-0.6994809171625551,-0.012892668639070098,-0.6954056313918718,0.021396757828116467,-0.23255399279332364,115092.89714285715,2.2409967817274064,116817.93666666668,1.7167511156505404,0.17833631866271768,-0.5802640164822069,-0.4989118869290194,-51.01471073160633,-1.0677838891068319,-0.8880381962001266,106882.55966981816,True
111,2025-08-24,115438.06,115666.68,110680.0,113493.59,21175.98462,2025-08-24 23:59:59.999999,2411284606.189177,2573906,9325.0671,1061855201.3343124,,-1.684418612407268,-0.895848816290657,-0.016987662875338143,-0.8948739274883714,0.04393798803967689,1.5876876705226597,114534.12285714285,2.3026996421116865,116656.35666666666,1.741100792986285,-0.6092553308747907,-1.2988890596758322,0.8410483030748145,86.91241992332601,1.1328877037061873,0.46605522854179565,106948.34106613838,True
112,2025-08-25,113493.59,113667.28,109274.1,110111.98,25182.79379,2025-08-25 23:59:59.999999,2805570653.6310234,4695718,11387.5817,1269662985.34418,,-2.9795603434519924,-1.5286792406943583,-0.03024851157390859,-1.542069000888198,0.039897384462616994,1.20329230556299,113660.54142857144,2.4935950362958144,116406.27900000001,1.815982449570289,-1.6183303948752907,-2.328088316843328,1.7311822044144838,18.92147752230471,0.11477387267147703,0.015463242786535856,106979.82006050517,True
113,2025-08-26,110111.98,112371.0,108666.66,111763.22,18452.43877,2025-08-26 23:59:59.999999,2033437347.4999392,4077474,9863.43157,1087468493.596964,,1.499600679235824,0.9027376759679673,0.014884678291290745,0.9041737877756947,0.03314453538471777,0.6023050138293992,113502.01,2.4150775280001517,116201.05333333333,1.8408260233295841,-0.7570461646483538,-1.575877535915245,0.5765028519673802,-26.726006161685678,-0.7415383259970795,-0.6444704694427719,107027.41607980363,True
114,2025-08-27,111763.22,112625.0,110345.42,111262.01,13392.60875,2025-08-27 23:59:59.999999,1493774927.190832,3111496,6261.8455,698586344.1774796,,-0.44845701474958144,-0.12575451230498594,-0.004494655997296272,-0.1171611875744678,0.020488394915748886,-0.4684522067409558,113072.12,2.3403402862522964,115929.26866666667,1.8214057967283208,-0.7517777262722432,-1.6162471370937663,-0.30080575195487896,-27.420928382790677,-0.7123912927024529,-0.6119857557095302,107069.55134269116,True
115,2025-08-28,111262.01,113485.9,110862.42,112566.9,11104.27744,2025-08-28 23:59:59.999999,1250788481.9453218,2066780,5139.46509,578866003.6838148,,1.1728082208833035,0.7187104530330065,0.011659841291183425,0.7226428279753496,0.02330596294292546,-0.24149516196212253,113081.67714285714,2.3353225754563005,115746.08799999999,1.83014999876808,-0.2140218651136645,-1.088078634647016,-0.6698857348781494,-17.086524012732017,-0.48813792523783095,-0.4913953190847783,107124.25132933106,True
116,2025-08-29,112566.9,112638.64,107463.9,108377.4,22580.31045,2025-08-29 23:59:59.999999,2475492492.5775294,3606959,10616.35644,1164321513.1044571,,-3.7217867774629987,-1.7797174492212748,-0.037928131382763526,-1.8007572394412654,0.0477474085925664,1.6617192153812665,111859.02142857143,1.9629677908095313,115426.97600000001,1.9431945530525894,-1.518978784049032,-2.214209929747572,1.1989691453703255,103.3478591651615,1.5596431597252436,1.5059727346706746,107136.72047033274,True
117,2025-08-30,108377.4,108926.15,107350.1,108816.33,10708.39159,2025-08-30 23:59:59.999999,1160666772.7387524,1411040,5797.17783,628457794.843401,,0.40500141173345217,0.33481632534755995,0.004041834886721533,0.34287624191851285,0.014483579808287858,-0.9702623298829793,110913.06142857143,2.0339514539273393,115126.177,1.9468263578711225,-1.1023617984555922,-1.873010103266258,-0.7249933430216968,-52.576420002232524,-1.079762089292886,-1.0678915455533073,107153.43300296625,True
118,2025-08-31,108816.33,109480.02,108076.93,108246.35,9489.51596,2025-08-31 23:59:59.999999,1031806894.3513318,1366633,4573.61058,497406888.1691883,,-0.5238000583184466,-0.1651815228063257,-0.005251767001620112,-0.1558897765404626,0.012962007494941039,-1.027903029004891,110163.45571428571,1.9989750469497154,114875.586,1.9266197709283386,-1.0999789186526545,-1.8455787819775158,-0.8725162846790447,-11.382434231656624,-0.3701419201998624,-0.18662227250114705,107164.30779895664,True
