,bar_end,spot_close,spot_vol,perp_close,perp_vol,funding_rate
0,2025-04-01 04:00:00+00:00,82962.84,2015.98624,82929.9,15244.22,
1,2025-04-01 08:00:00+00:00,83445.5,1822.06805,83415.2,15232.027,
2,2025-04-01 12:00:00+00:00,83930.3,4005.56934,83879.9,35987.638,
3,2025-04-01 16:00:00+00:00,85280.87,6895.46482,85245.4,81146.631,
4,2025-04-01 20:00:00+00:00,84972.01,3624.09611,84911.7,31993.203,
5,2025-04-02 00:00:00+00:00,85158.34,1827.21241,85120.9,17659.457,
6,2025-04-02 04:00:00+00:00,84550.0,2397.00391,84509.5,19256.193,
7,2025-04-02 08:00:00+00:00,84426.33,2284.55226,84389.8,24222.399,
8,2025-04-02 12:00:00+00:00,84566.91,2502.47319,84528.4,30044.064,
9,2025-04-02 16:00:00+00:00,86757.67,11182.5669,86709.5,101403.902,
10,2025-04-02 20:00:00+00:00,86900.02,6072.59633,86854.2,42796.162,
11,2025-04-03 00:00:00+00:00,82516.29,15492.26441,82485.1,131241.658,
12,2025-04-03 04:00:00+00:00,83483.97,5644.57078,83449.0,43538.786,
13,2025-04-03 08:00:00+00:00,83456.75,2431.18004,83423.7,18012.198,
14,2025-04-03 12:00:00+00:00,83096.01,3208.79996,83058.1,25845.247,
15,2025-04-03 16:00:00+00:00,82039.31,8823.0587,82001.8,92135.552,
16,2025-04-03 20:00:00+00:00,82008.7,4137.47371,81977.4,35332.973,
17,2025-04-04 00:00:00+00:00,83213.09,3092.75816,83181.5,24298.763,
18,2025-04-04 04:00:00+00:00,82818.52,3041.69884,82787.9,23066.562,
19,2025-04-04 08:00:00+00:00,83992.85,3091.86585,83968.2,24342.362,
20,2025-04-04 12:00:00+00:00,82680.45,9682.53553,82633.7,90960.907,
21,2025-04-04 16:00:00+00:00,82860.0,10092.60459,82822.0,128058.822,
22,2025-04-04 20:00:00+00:00,84009.99,5374.18478,83971.9,67073.197,
23,2025-04-05 00:00:00+00:00,83889.87,1632.65017,83861.3,19607.356,
24,2025-04-05 04:00:00+00:00,83624.01,1705.75257,83585.7,17023.772,
25,2025-04-05 08:00:00+00:00,83525.34,1280.95023,83490.0,10620.814,
26,2025-04-05 12:00:00+00:00,83452.69,1233.29028,83428.4,11518.556,
27,2025-04-05 16:00:00+00:00,82618.26,2576.97263,82576.4,33111.923,
28,2025-04-05 20:00:00+00:00,82860.0,974.18344,82818.7,12394.7,
29,2025-04-06 00:00:00+00:00,83537.99,1589.25553,83506.1,14904.439,
30,2025-04-06 04:00:00+00:00,83344.14,1209.45565,83301.7,13707.665,
31,2025-04-06 08:00:00+00:00,83024.96,1005.20003,82990.9,10928.376,
32,2025-04-06 12:00:00+00:00,82855.99,1208.00762,82810.1,16830.905,
33,2025-04-06 16:00:00+00:00,82548.36,2530.9727,82497.4,29601.982,
34,2025-04-06 20:00:00+00:00,79614.35,10204.27054,79572.6,108788.065,
35,2025-04-07 00:00:00+00:00,78430.0,11784.80782,78390.0,101334.76,
36,2025-04-07 04:00:00+00:00,77707.77,8315.40751,77669.6,69452.679,
37,2025-04-07 08:00:00+00:00,75126.01,18943.308,75084.1,120677.337,
38,2025-04-07 12:00:00+00:00,76685.62,10044.53318,76655.9,91159.234,
39,2025-04-07 16:00:00+00:00,78479.9,27708.97146,78444.6,284460.151,
40,2025-04-07 20:00:00+00:00,78130.44,8830.92097,78086.3,91535.93,
41,2025-04-08 00:00:00+00:00,79163.24,4544.38977,79140.0,36558.172,
42,2025-04-08 04:00:00+00:00,79904.0,4941.96291,79869.2,44433.57,
43,2025-04-08 08:00:00+00:00,79496.0,3302.12711,79448.6,25868.771,
44,2025-04-08 12:00:00+00:00,79982.0,4257.73055,79949.7,33896.193,
45,2025-04-08 16:00:00+00:00,78497.99,8857.72421,78460.0,92487.008,
46,2025-04-08 20:00:00+00:00,76854.05,10762.74484,76830.0,100174.783,
47,2025-04-09 00:00:00+00:00,76322.42,3195.03101,76297.9,31549.209,
48,2025-04-09 04:00:00+00:00,75073.33,9779.68513,75040.0,79097.57,
49,2025-04-09 08:00:00+00:00,77694.12,9140.27184,77651.4,75116.64,
50,2025-04-09 12:00:00+00:00,76230.01,7898.75408,76204.1,72634.361,
51,2025-04-09 16:00:00+00:00,77258.0,9835.2769,77237.6,98020.43,
52,2025-04-09 20:00:00+00:00,82332.08,26584.65756,82291.4,183836.453,
53,2025-04-10 00:00:00+00:00,82615.22,12249.64221,82588.0,51944.408,
54,2025-04-10 04:00:00+00:00,81775.2,5457.92235,81731.8,34510.348,
55,2025-04-10 08:00:00+00:00,81595.81,3599.59614,81561.6,28212.148,
56,2025-04-10 12:00:00+00:00,81882.01,3109.18957,81839.2,27826.27,
57,2025-04-10 16:00:00+00:00,78757.0,12186.07063,78731.7,115295.495,
58,2025-04-10 20:00:00+00:00,79649.34,6868.94347,79611.1,67707.74,
59,2025-04-11 00:00:00+00:00,79607.3,2063.08502,79560.2,20110.099,
60,2025-04-11 04:00:00+00:00,80842.99,4616.06429,80796.9,41672.942,
61,2025-04-11 08:00:00+00:00,81266.76,3739.3645,81213.6,30258.33,
62,2025-04-11 12:00:00+00:00,82129.67,7672.7781,82096.6,68755.993,
63,2025-04-11 16:00:00+00:00,82521.74,8580.71054,82486.7,79925.014,
64,2025-04-11 20:00:00+00:00,83858.28,6974.07284,83809.5,54200.084,
65,2025-04-12 00:00:00+00:00,83423.84,2852.4477,83378.3,20965.508,
66,2025-04-12 04:00:00+00:00,82973.13,2097.25786,82940.3,18705.45,
67,2025-04-12 08:00:00+00:00,83724.92,2219.56474,83685.4,21558.323,
68,2025-04-12 12:00:00+00:00,83528.3,2026.01827,83484.0,16179.792,
69,2025-04-12 16:00:00+00:00,85008.4,7502.18643,84974.1,58881.989,
70,2025-04-12 20:00:00+00:00,84943.4,2205.95168,84891.8,21838.433,
71,2025-04-13 00:00:00+00:00,85276.9,2419.76539,85237.8,20838.85,
72,2025-04-13 04:00:00+00:00,85432.31,6091.99475,85388.8,34243.838,
73,2025-04-13 08:00:00+00:00,84413.1,5329.09879,84378.4,28885.799,
74,2025-04-13 12:00:00+00:00,84528.66,2109.38782,84490.6,21104.862,
75,2025-04-13 16:00:00+00:00,83849.66,3752.76,83820.1,40410.003,
76,2025-04-13 20:00:00+00:00,83981.31,4094.28687,83949.9,42854.152,
77,2025-04-14 00:00:00+00:00,83760.0,3302.51358,83713.7,39539.726,
78,2025-04-14 04:00:00+00:00,84566.03,9144.98601,84536.4,53910.823,
79,2025-04-14 08:00:00+00:00,84580.76,3626.62247,84544.2,20195.283,
80,2025-04-14 12:00:00+00:00,84927.55,2672.53505,84891.5,21445.178,
81,2025-04-14 16:00:00+00:00,84101.16,6912.0794,84054.4,69300.966,
82,2025-04-14 20:00:00+00:00,84923.07,4493.01122,84872.6,32361.607,
83,2025-04-15 00:00:00+00:00,84591.58,1809.85933,84553.9,12135.499,
84,2025-04-15 04:00:00+00:00,85379.96,2777.45814,85351.9,22331.604,
85,2025-04-15 08:00:00+00:00,85716.77,3160.5593,85691.3,24303.263,
86,2025-04-15 12:00:00+00:00,85589.23,3075.38498,85549.3,27366.079,
87,2025-04-15 16:00:00+00:00,84918.14,6756.03523,84871.9,65580.031,
88,2025-04-15 20:00:00+00:00,83998.52,2674.08979,83954.6,26216.961,
89,2025-04-16 00:00:00+00:00,83643.99,2467.46784,83608.7,18724.244,
90,2025-04-16 04:00:00+00:00,83695.66,2463.72865,83654.0,25553.467,
91,2025-04-16 08:00:00+00:00,83363.17,3071.39491,83325.0,20539.39,
92,2025-04-16 12:00:00+00:00,84048.11,2832.84259,84008.5,28400.044,
93,2025-04-16 16:00:00+00:00,84846.58,4587.02932,84810.7,51343.8,
94,2025-04-16 20:00:00+00:00,84334.01,6228.17039,84286.0,69049.234,
95,2025-04-17 00:00:00+00:00,84030.38,1684.07933,83990.0,14555.483,
96,2025-04-17 04:00:00+00:00,83994.23,1420.43568,83953.3,16179.399,
97,2025-04-17 08:00:00+00:00,84669.98,2038.72764,84629.0,20775.92,
98,2025-04-17 12:00:00+00:00,84562.0,1333.31709,84531.8,15124.909,
99,2025-04-17 16:00:00+00:00,84531.71,3721.70869,84495.5,36468.828,
100,2025-04-17 20:00:00+00:00,84849.06,4072.8227,84797.5,42706.516,
101,2025-04-18 00:00:00+00:00,84947.91,1141.83592,84915.0,9777.623,
102,2025-04-18 04:00:00+00:00,84828.0,1247.74402,84790.3,8330.771,
103,2025-04-18 08:00:00+00:00,84654.68,1523.46331,84622.9,12408.591,
104,2025-04-18 12:00:00+00:00,84669.11,1166.67376,84629.4,8899.434,
105,2025-04-18 16:00:00+00:00,84374.59,1234.717,84332.3,11609.942,
106,2025-04-18 20:00:00+00:00,84562.83,718.53494,84529.1,8055.92,
107,2025-04-19 00:00:00+00:00,84474.69,638.83012,84421.0,5914.184,
108,2025-04-19 04:00:00+00:00,84883.71,1105.44308,84845.3,10423.621,
109,2025-04-19 08:00:00+00:00,85217.39,2259.71458,85174.5,13824.92,
110,2025-04-19 12:00:00+00:00,85217.4,1378.37688,85179.3,12830.984,
111,2025-04-19 16:00:00+00:00,85191.19,2584.44918,85146.3,15225.821,
112,2025-04-19 20:00:00+00:00,85085.55,1789.11723,85054.3,16462.047,
113,2025-04-20 00:00:00+00:00,85077.01,549.48058,85046.9,4613.173,
114,2025-04-20 04:00:00+00:00,85168.81,882.54344,85116.6,5474.433,
115,2025-04-20 08:00:00+00:00,84784.01,1167.69622,84736.5,15243.765,
116,2025-04-20 12:00:00+00:00,84129.83,1885.40107,84084.6,23477.675,
117,2025-04-20 16:00:00+00:00,84344.66,1721.01989,84304.5,17096.184,
118,2025-04-20 20:00:00+00:00,84651.61,769.05869,84608.8,7272.931,
119,2025-04-21 00:00:00+00:00,85179.24,1665.95794,85138.8,22086.83,
120,2025-04-21 04:00:00+00:00,87205.56,9533.33738,87166.6,72207.253,
121,2025-04-21 08:00:00+00:00,87434.78,2859.73764,87400.6,19796.228,
122,2025-04-21 12:00:00+00:00,86971.92,3305.90555,86936.4,29449.949,
123,2025-04-21 16:00:00+00:00,88044.8,8328.4863,87997.4,72486.723,
124,2025-04-21 20:00:00+00:00,87415.1,5561.20336,87369.1,57440.549,
125,2025-04-22 00:00:00+00:00,87516.23,2184.70239,87466.0,22689.169,
126,2025-04-22 04:00:00+00:00,88157.55,5948.6986,88111.0,52155.508,
127,2025-04-22 08:00:00+00:00,88476.83,2721.14964,88434.9,18699.693,
128,2025-04-22 12:00:00+00:00,88614.1,2659.83331,88572.7,19693.026,
129,2025-04-22 16:00:00+00:00,90934.61,15352.18318,90881.2,124199.257,
130,2025-04-22 20:00:00+00:00,91414.79,6380.71134,91356.4,50079.386,
131,2025-04-23 00:00:00+00:00,93442.99,10810.17098,93404.9,69178.211,
132,2025-04-23 04:00:00+00:00,93168.91,5215.33691,93126.0,33940.086,
133,2025-04-23 08:00:00+00:00,94133.82,3753.14233,94102.5,28985.949,
134,2025-04-23 12:00:00+00:00,93466.01,4309.7212,93425.2,35725.834,
135,2025-04-23 16:00:00+00:00,93195.28,8544.8591,93140.3,86830.394,
136,2025-04-23 20:00:00+00:00,93497.88,4018.92317,93436.3,33955.173,
137,2025-04-24 00:00:00+00:00,93691.08,1562.18537,93632.1,13310.992,
138,2025-04-24 04:00:00+00:00,92673.95,2768.12366,92632.9,19305.989,
139,2025-04-24 08:00:00+00:00,92203.55,3429.85771,92166.0,24136.437,
140,2025-04-24 12:00:00+00:00,92619.94,3940.58829,92575.1,30141.353,
141,2025-04-24 16:00:00+00:00,93202.51,4447.23602,93144.8,36090.385,
142,2025-04-24 20:00:00+00:00,93556.12,2504.05999,93497.5,26446.208,
143,2025-04-25 00:00:00+00:00,93980.47,2407.19504,93931.6,20972.356,
144,2025-04-25 04:00:00+00:00,93311.83,4492.13804,93262.9,29877.009,
145,2025-04-25 08:00:00+00:00,93772.26,3463.8711,93734.0,16763.171,
146,2025-04-25 12:00:00+00:00,94635.67,3498.44872,94602.3,24204.202,
147,2025-04-25 16:00:00+00:00,95061.22,10872.54033,94999.8,78266.827,
148,2025-04-25 20:00:00+00:00,95291.0,3536.11021,95229.2,31103.127,
149,2025-04-26 00:00:00+00:00,94638.68,1637.55808,94591.8,11616.141,
150,2025-04-26 04:00:00+00:00,94739.99,2542.70188,94685.0,13091.802,
151,2025-04-26 08:00:00+00:00,94570.31,1410.05819,94520.1,10766.592,
152,2025-04-26 12:00:00+00:00,94144.06,1747.48781,94095.6,17868.057,
153,2025-04-26 16:00:00+00:00,94373.24,1638.82978,94325.0,12882.691,
154,2025-04-26 20:00:00+00:00,94307.5,832.25743,94261.0,6646.13,
155,2025-04-27 00:00:00+00:00,94628.0,1243.73366,94575.7,11282.937,
156,2025-04-27 04:00:00+00:00,94156.21,3925.87324,94121.7,25352.851,
157,2025-04-27 08:00:00+00:00,94065.98,1858.72082,94027.6,12220.315,
158,2025-04-27 12:00:00+00:00,93920.01,1343.02543,93871.1,9208.402,
159,2025-04-27 16:00:00+00:00,93901.08,1432.64566,93857.7,15121.759,
160,2025-04-27 20:00:00+00:00,94433.5,1354.62397,94388.9,9835.889,
161,2025-04-28 00:00:00+00:00,93749.3,1247.95188,93697.1,12076.967,
162,2025-04-28 04:00:00+00:00,93849.93,3829.2548,93799.9,34243.196,
163,2025-04-28 08:00:00+00:00,94692.49,3173.45503,94641.6,19207.845,
164,2025-04-28 12:00:00+00:00,95319.99,4407.81686,95276.1,36146.553,
165,2025-04-28 16:00:00+00:00,93833.51,6874.85491,93772.8,60496.166,
166,2025-04-28 20:00:00+00:00,94787.2,2284.50465,94740.9,27658.149,
167,2025-04-29 00:00:00+00:00,95011.18,1587.64726,94969.0,16668.807,
168,2025-04-29 04:00:00+00:00,94658.76,2355.42851,94599.9,32535.76,
169,2025-04-29 08:00:00+00:00,94917.61,3096.90198,94878.0,17947.813,
170,2025-04-29 12:00:00+00:00,95129.74,2370.90825,95086.9,17261.808,
171,2025-04-29 16:00:00+00:00,94843.1,2872.24836,94790.7,25266.996,
172,2025-04-29 20:00:00+00:00,95300.79,3091.57412,95250.5,25414.524,
173,2025-04-30 00:00:00+00:00,94256.82,3168.27898,94200.1,29404.893,
174,2025-04-30 04:00:00+00:00,95032.84,1764.9576,94989.3,18097.325,
175,2025-04-30 08:00:00+00:00,94620.99,1847.65644,94577.6,15073.172,
176,2025-04-30 12:00:00+00:00,95176.66,1661.24557,95126.5,14665.449,
177,2025-04-30 16:00:00+00:00,94004.63,8257.162,93948.4,81587.654,
178,2025-04-30 20:00:00+00:00,94152.01,2035.58804,94118.2,22363.333,
179,2025-05-01 00:00:00+00:00,94172.0,2094.66545,94125.1,19142.377,3.519e-05
180,2025-05-01 04:00:00+00:00,94782.6,2877.4378,94737.5,19363.191,3.519e-05
181,2025-05-01 08:00:00+00:00,95025.84,1880.34885,94978.6,16342.808,5.755e-05
182,2025-05-01 12:00:00+00:00,96180.01,4237.08588,96129.9,41762.093,5.755e-05
183,2025-05-01 16:00:00+00:00,96854.3,7399.49215,96793.9,62733.29,-8.028e-05
184,2025-05-01 20:00:00+00:00,96523.26,3200.80242,96459.1,28899.433,-8.028e-05
185,2025-05-02 00:00:00+00:00,96489.91,1785.28633,96423.3,15425.94,-0.00012232
186,2025-05-02 04:00:00+00:00,97102.32,2134.18118,97054.9,17200.018,-0.00012232
187,2025-05-02 08:00:00+00:00,96350.0,2432.89056,96302.0,19341.642,-9.382e-05
188,2025-05-02 12:00:00+00:00,96928.97,1860.2708,96875.7,14786.274,-9.382e-05
189,2025-05-02 16:00:00+00:00,97330.19,5047.18173,97270.1,54228.73,-8.689e-05
190,2025-05-02 20:00:00+00:00,96924.23,2332.70775,96856.8,23304.485,-8.689e-05
191,2025-05-03 00:00:00+00:00,96887.14,1098.51609,96831.2,10336.377,-5.953e-05
192,2025-05-03 04:00:00+00:00,96337.5,2058.72462,96292.1,12788.794,-5.953e-05
193,2025-05-03 08:00:00+00:00,96322.68,1508.87428,96290.8,10809.148,3.198e-05
194,2025-05-03 12:00:00+00:00,95942.02,2622.43769,95895.6,15912.985,3.198e-05
195,2025-05-03 16:00:00+00:00,96418.68,1447.96366,96358.7,11574.759,-1.483e-05
196,2025-05-03 20:00:00+00:00,96354.34,899.94616,96312.0,10135.037,-1.483e-05
197,2025-05-04 00:00:00+00:00,95856.42,1185.40197,95803.3,10199.906,3.7e-06
198,2025-05-04 04:00:00+00:00,95722.23,1523.29654,95680.0,14654.377,3.7e-06
199,2025-05-04 08:00:00+00:00,95879.99,1780.05807,95842.1,9794.382,3.229e-05
200,2025-05-04 12:00:00+00:00,95423.2,2146.9622,95376.0,17133.692,3.229e-05
201,2025-05-04 16:00:00+00:00,95467.6,1981.94879,95421.1,13352.424,3.745e-05
202,2025-05-04 20:00:00+00:00,95584.07,863.77274,95533.9,9415.553,3.745e-05
203,2025-05-05 00:00:00+00:00,94277.62,2740.34508,94230.2,29910.449,-2.404e-05
204,2025-05-05 04:00:00+00:00,94031.47,4140.14024,94001.1,35169.994,-2.404e-05
205,2025-05-05 08:00:00+00:00,94761.91,2335.74375,94696.4,18884.983,3.636e-05
206,2025-05-05 12:00:00+00:00,94038.18,2541.09717,93986.0,18035.166,3.636e-05
207,2025-05-05 16:00:00+00:00,93770.31,4184.72517,93726.0,37424.134,-2.247e-05
208,2025-05-05 20:00:00+00:00,94347.17,2339.27872,94295.5,24018.27,-2.247e-05
209,2025-05-06 00:00:00+00:00,94733.68,1710.19684,94696.7,21369.828,1.978e-05
210,2025-05-06 04:00:00+00:00,94454.01,1586.4337,94418.3,16000.398,1.978e-05
211,2025-05-06 08:00:00+00:00,94400.99,1310.52658,94350.0,8862.333,4.44e-05
212,2025-05-06 12:00:00+00:00,93812.54,2666.58253,93770.3,23699.819,4.44e-05
213,2025-05-06 16:00:00+00:00,94558.95,3922.63869,94513.2,48631.997,7.57e-06
214,2025-05-06 20:00:00+00:00,94963.5,2336.80706,94910.8,27227.515,7.57e-06
215,2025-05-07 00:00:00+00:00,96834.02,4299.65657,96798.9,49261.004,1.218e-05
216,2025-05-07 04:00:00+00:00,96506.9,5180.41253,96453.8,49252.243,1.218e-05
217,2025-05-07 08:00:00+00:00,96994.82,2170.95622,96940.0,15114.534,-2.5e-07
218,2025-05-07 12:00:00+00:00,97047.43,1298.75814,97000.0,14368.674,-2.5e-07
219,2025-05-07 16:00:00+00:00,96923.91,2791.58426,96889.0,34956.983,1.32e-05
220,2025-05-07 20:00:00+00:00,96180.01,3605.87038,96124.6,48429.239,1.32e-05
221,2025-05-08 00:00:00+00:00,97030.5,1597.25701,96988.4,23145.469,2.318e-05
222,2025-05-08 04:00:00+00:00,99152.79,6410.02899,99097.9,60617.723,2.318e-05
223,2025-05-08 08:00:00+00:00,99252.34,4129.30669,99212.0,32945.558,4.608e-05
224,2025-05-08 12:00:00+00:00,99409.14,3702.67483,99369.8,31717.498,4.608e-05
225,2025-05-08 16:00:00+00:00,100758.08,7963.43171,100730.8,83079.999,5.728e-05
226,2025-05-08 20:00:00+00:00,101299.99,5099.76086,101254.2,44847.125,5.728e-05
227,2025-05-09 00:00:00+00:00,103261.6,7656.82539,103228.1,64214.566,0.0001
228,2025-05-09 04:00:00+00:00,102451.04,3733.8534,102419.5,24344.001,0.0001
229,2025-05-09 08:00:00+00:00,103628.77,5971.49947,103597.4,31095.632,0.0001
230,2025-05-09 12:00:00+00:00,102958.31,8403.08937,102914.5,46422.104,0.0001
231,2025-05-09 16:00:00+00:00,102895.99,5841.22214,102852.9,38682.86,4.378e-05
232,2025-05-09 20:00:00+00:00,103189.17,2349.89886,103145.5,23424.037,4.378e-05
233,2025-05-10 00:00:00+00:00,102971.99,1317.83583,102941.9,8915.288,9.657e-05
234,2025-05-10 04:00:00+00:00,103226.24,1788.89448,103179.4,9036.731,9.657e-05
235,2025-05-10 08:00:00+00:00,103759.71,2472.72488,103721.7,18134.111,0.0001
236,2025-05-10 12:00:00+00:00,103434.94,2876.2662,103374.6,18529.911,0.0001
237,2025-05-10 16:00:00+00:00,103138.77,1933.54411,103102.6,13607.261,4.257e-05
238,2025-05-10 20:00:00+00:00,103191.35,2330.41287,103148.6,14747.802,4.257e-05
239,2025-05-11 00:00:00+00:00,104809.53,3922.94357,104788.8,30328.721,0.0001
240,2025-05-11 04:00:00+00:00,104007.03,3855.57081,103947.8,27276.827,0.0001
241,2025-05-11 08:00:00+00:00,103385.47,2952.77072,103327.9,18978.685,4.15e-05
242,2025-05-11 12:00:00+00:00,104652.01,2472.65506,104613.7,24045.282,4.15e-05
243,2025-05-11 16:00:00+00:00,104150.0,4500.51294,104083.0,30912.963,0.0001
244,2025-05-11 20:00:00+00:00,104420.0,2312.17239,104373.8,20721.626,0.0001
245,2025-05-12 00:00:00+00:00,104118.0,1893.44005,104072.7,17201.038,4.454e-05
246,2025-05-12 04:00:00+00:00,104100.13,4046.32885,104064.0,30422.81,4.454e-05
247,2025-05-12 08:00:00+00:00,104467.99,6956.58682,104426.2,52152.229,0.0001
248,2025-05-12 12:00:00+00:00,103762.9,4195.60245,103705.1,27636.31,0.0001
249,2025-05-12 16:00:00+00:00,102527.26,7882.24448,102481.7,70155.841,2.301e-05
250,2025-05-12 20:00:00+00:00,101860.0,6054.64243,101812.8,55847.607,2.301e-05
251,2025-05-13 00:00:00+00:00,102791.32,2137.37289,102739.3,20327.902,6.847e-05
252,2025-05-13 04:00:00+00:00,101719.4,3352.34144,101681.3,25611.921,6.847e-05
253,2025-05-13 08:00:00+00:00,102665.5,3546.89229,102624.0,18458.159,0.0001
254,2025-05-13 12:00:00+00:00,103729.2,2797.46591,103685.5,22686.973,0.0001
255,2025-05-13 16:00:00+00:00,103682.55,4451.38278,103633.1,44843.029,7.256e-05
256,2025-05-13 20:00:00+00:00,104792.22,5053.45199,104744.7,35688.452,7.256e-05
257,2025-05-14 00:00:00+00:00,104103.72,2051.88968,104082.0,15079.794,9.921e-05
258,2025-05-14 04:00:00+00:00,103587.44,3010.71837,103549.2,16919.418,9.921e-05
259,2025-05-14 08:00:00+00:00,103716.55,2102.25399,103662.2,13321.09,7.542e-05
260,2025-05-14 12:00:00+00:00,103944.93,3535.76301,103903.4,29067.801,7.542e-05
261,2025-05-14 16:00:00+00:00,103514.24,5202.04446,103461.4,39994.122,3.175e-05
262,2025-05-14 20:00:00+00:00,103321.72,1856.97684,103278.7,20724.08,3.175e-05
263,2025-05-15 00:00:00+00:00,103507.82,745.15143,103458.1,6237.586,2.978e-05
264,2025-05-15 04:00:00+00:00,102753.63,1797.79721,102706.1,16572.907,2.978e-05
265,2025-05-15 08:00:00+00:00,101779.99,2353.66229,101733.9,23248.87,5.336e-05
266,2025-05-15 12:00:00+00:00,102371.61,2612.10704,102335.3,26222.22,5.336e-05
267,2025-05-15 16:00:00+00:00,103251.35,4312.54952,103211.2,48382.314,1.439e-05
268,2025-05-15 20:00:00+00:00,103157.26,4442.22626,103107.0,40544.155,1.439e-05
269,2025-05-16 00:00:00+00:00,103763.71,2480.64372,103714.5,21373.64,4.504e-05
270,2025-05-16 04:00:00+00:00,104023.49,3294.14952,103979.0,22492.546,4.504e-05
271,2025-05-16 08:00:00+00:00,103710.17,2338.96041,103646.6,14442.576,7.535e-05
272,2025-05-16 12:00:00+00:00,103651.71,3118.57852,103614.5,21526.35,7.535e-05
273,2025-05-16 16:00:00+00:00,104183.33,3503.77985,104144.0,26264.535,4.768e-05
274,2025-05-16 20:00:00+00:00,104032.6,2352.84073,103974.3,20926.27,4.768e-05
275,2025-05-17 00:00:00+00:00,103463.9,1075.57121,103412.2,9860.772,2.821e-05
276,2025-05-17 04:00:00+00:00,103508.48,2858.83928,103464.7,26575.089,2.821e-05
277,2025-05-17 08:00:00+00:00,103451.14,1318.92723,103399.4,10427.045,3.34e-05
278,2025-05-17 12:00:00+00:00,102994.17,2720.30154,102944.2,22486.468,3.34e-05
279,2025-05-17 16:00:00+00:00,102939.53,1272.66735,102900.0,11160.074,5.97e-06
280,2025-05-17 20:00:00+00:00,103158.6,1287.9669,103100.1,10946.644,5.97e-06
281,2025-05-18 00:00:00+00:00,103126.65,1792.19392,103079.6,8777.349,6.742e-05
282,2025-05-18 04:00:00+00:00,103295.7,913.9652,103244.2,6439.874,6.742e-05
283,2025-05-18 08:00:00+00:00,103919.39,1414.68073,103893.0,13111.12,5.903e-05
284,2025-05-18 12:00:00+00:00,103800.54,1574.15623,103769.0,12871.838,5.903e-05
285,2025-05-18 16:00:00+00:00,105518.0,4982.50382,105484.2,41829.124,0.0001
286,2025-05-18 20:00:00+00:00,103883.97,5395.35549,103834.0,49587.471,0.0001
287,2025-05-19 00:00:00+00:00,106454.26,7319.32579,106407.6,49384.857,5.99e-05
288,2025-05-19 04:00:00+00:00,103605.88,5830.4141,103569.4,51326.874,5.99e-05
289,2025-05-19 08:00:00+00:00,103226.29,7899.03768,103167.0,57011.12,6.04e-05
290,2025-05-19 12:00:00+00:00,102963.41,2683.33916,102912.0,20571.05,6.04e-05
291,2025-05-19 16:00:00+00:00,104786.41,6071.83103,104740.4,60679.364,2.11e-05
292,2025-05-19 20:00:00+00:00,105517.7,4503.35567,105457.8,47160.881,2.11e-05
293,2025-05-20 00:00:00+00:00,105573.74,3272.0576,105531.6,21076.315,8.378e-05
294,2025-05-20 04:00:00+00:00,105761.92,5750.55327,105720.0,42632.84,8.378e-05
295,2025-05-20 08:00:00+00:00,105021.71,3035.55334,104980.1,27220.608,7.107e-05
296,2025-05-20 12:00:00+00:00,105203.76,2326.54242,105159.2,20790.139,7.107e-05
297,2025-05-20 16:00:00+00:00,105333.68,3799.70194,105294.5,41453.456,1.266e-05
298,2025-05-20 20:00:00+00:00,107026.47,5057.29953,106972.2,54588.39,1.266e-05
299,2025-05-21 00:00:00+00:00,106849.99,3735.83225,106800.1,39501.813,8.767e-05
300,2025-05-21 04:00:00+00:00,106843.59,2584.02606,106791.0,22911.733,8.767e-05
301,2025-05-21 08:00:00+00:00,106527.16,5791.25242,106463.6,49534.063,7.147e-05
302,2025-05-21 12:00:00+00:00,106546.44,2982.12972,106490.9,30178.731,7.147e-05
303,2025-05-21 16:00:00+00:00,108973.35,11705.49449,108936.6,94965.494,5.119e-05
304,2025-05-21 20:00:00+00:00,108603.79,14958.19983,108547.3,157112.935,5.119e-05
305,2025-05-22 00:00:00+00:00,109643.99,7509.937825,109609.5,58886.898,0.0001
306,2025-05-22 04:00:00+00:00,111780.84,9017.73168,111755.9,64755.016,0.0001
307,2025-05-22 08:00:00+00:00,111045.45,7103.40338,111005.8,47573.709,0.0001
308,2025-05-22 12:00:00+00:00,110981.97,4014.18788,110944.1,32748.467,0.0001
309,2025-05-22 16:00:00+00:00,111290.86,6086.26018,111250.6,49945.987,0.0001
310,2025-05-22 20:00:00+00:00,111188.0,3260.6327,111136.1,34534.378,0.0001
311,2025-05-23 00:00:00+00:00,111696.21,2148.55731,111662.7,16509.476,9.321e-05
312,2025-05-23 04:00:00+00:00,111100.01,2834.29482,111044.0,22959.44,9.321e-05
313,2025-05-23 08:00:00+00:00,110715.42,3226.515,110685.2,23761.569,7.261e-05
314,2025-05-23 12:00:00+00:00,109076.35,4204.18634,109033.2,45137.26,7.261e-05
315,2025-05-23 16:00:00+00:00,108940.0,13163.25808,108892.4,108855.124,8.614e-05
316,2025-05-23 20:00:00+00:00,108716.07,4951.18081,108659.4,46212.629,8.614e-05
317,2025-05-24 00:00:00+00:00,107318.3,3358.28804,107271.5,32554.325,3.524e-05
318,2025-05-24 04:00:00+00:00,108366.3,2321.32073,108306.8,24382.839,3.524e-05
319,2025-05-24 08:00:00+00:00,107587.75,1982.27366,107550.6,21546.444,4.59e-05
320,2025-05-24 12:00:00+00:00,109208.56,5417.04518,109152.2,34423.684,4.59e-05
321,2025-05-24 16:00:00+00:00,108929.7,2666.17903,108889.2,29417.399,7.837e-05
322,2025-05-24 20:00:00+00:00,108960.0,1015.55537,108912.7,18957.367,7.837e-05
323,2025-05-25 00:00:00+00:00,107761.91,3380.15732,107698.9,36431.025,9.794e-05
324,2025-05-25 04:00:00+00:00,108095.75,2495.88081,108045.4,24941.567,9.794e-05
325,2025-05-25 08:00:00+00:00,107681.81,1293.71165,107637.1,14442.712,5.113e-05
326,2025-05-25 12:00:00+00:00,107260.0,3399.35699,107214.0,32864.988,5.113e-05
327,2025-05-25 16:00:00+00:00,106967.97,5093.14772,106927.9,33112.095,3.651e-05
328,2025-05-25 20:00:00+00:00,107717.01,2103.88371,107656.3,14416.703,3.651e-05
329,2025-05-26 00:00:00+00:00,109004.19,3324.06607,108955.9,39687.738,7.331e-05
330,2025-05-26 04:00:00+00:00,109623.53,3090.7964,109587.0,31295.991,7.331e-05
331,2025-05-26 08:00:00+00:00,110094.62,2472.4091,110049.9,21821.547,0.0001
332,2025-05-26 12:00:00+00:00,109772.72,1654.27634,109736.7,14879.39,0.0001
333,2025-05-26 16:00:00+00:00,110009.82,3113.22041,109963.2,30300.067,9.782e-05
334,2025-05-26 20:00:00+00:00,109130.44,3037.99696,109074.3,34224.496,9.782e-05
335,2025-05-27 00:00:00+00:00,109434.79,1280.41672,109386.8,14470.729,7.65e-05
336,2025-05-27 04:00:00+00:00,108892.16,4704.3073,108844.9,51580.633,7.65e-05
337,2025-05-27 08:00:00+00:00,109547.16,3340.1595,109488.0,24898.577,7.266e-05
338,2025-05-27 12:00:00+00:00,109585.49,1886.45358,109541.8,22031.647,7.266e-05
339,2025-05-27 16:00:00+00:00,110140.11,6777.89203,110091.3,77612.286,2.476e-05
340,2025-05-27 20:00:00+00:00,109877.87,2624.04806,109822.8,27423.933,2.476e-05
341,2025-05-28 00:00:00+00:00,108938.17,1943.79588,108889.3,20052.829,3.26e-05
342,2025-05-28 04:00:00+00:00,108863.64,2003.85357,108807.6,20569.689,3.26e-05
343,2025-05-28 08:00:00+00:00,108816.44,1391.51979,108764.9,12077.087,2.164e-05
344,2025-05-28 12:00:00+00:00,108870.38,1891.22828,108821.4,25977.609,2.164e-05
345,2025-05-28 16:00:00+00:00,107107.31,5751.05895,107065.5,53509.222,5.368e-05
346,2025-05-28 20:00:00+00:00,106946.01,2757.68701,106894.1,25973.073,5.368e-05
347,2025-05-29 00:00:00+00:00,107781.78,1838.44069,107723.1,20311.079,3.186e-05
348,2025-05-29 04:00:00+00:00,108044.88,3012.04609,107996.4,22974.724,3.186e-05
349,2025-05-29 08:00:00+00:00,107880.72,2287.08404,107839.4,21142.095,2.812e-05
350,2025-05-29 12:00:00+00:00,108779.84,2525.30968,108740.0,27695.002,2.812e-05
351,2025-05-29 16:00:00+00:00,107019.89,5170.87467,106972.5,66342.689,8.379e-05
352,2025-05-29 20:00:00+00:00,105731.74,4682.29852,105699.2,52209.294,8.379e-05
353,2025-05-30 00:00:00+00:00,105589.75,2157.08816,105539.9,22737.451,2.622e-05
354,2025-05-30 04:00:00+00:00,106024.33,4390.94984,105978.8,41953.33,2.622e-05
355,2025-05-30 08:00:00+00:00,105028.02,4187.15493,104997.5,28438.438,3.849e-05
356,2025-05-30 12:00:00+00:00,105880.51,3463.58178,105827.4,35034.252,3.849e-05
357,2025-05-30 16:00:00+00:00,105543.0,4176.35736,105504.0,38288.794,7.392e-05
358,2025-05-30 20:00:00+00:00,104640.5,5203.39187,104597.6,52008.664,7.392e-05
359,2025-05-31 00:00:00+00:00,103985.48,2285.06221,103950.0,23977.824,8.506e-05
360,2025-05-31 04:00:00+00:00,103684.01,3246.32605,103640.1,32955.856,8.506e-05
361,2025-05-31 08:00:00+00:00,103747.02,1424.77118,103700.6,11063.629,7.552e-05
362,2025-05-31 12:00:00+00:00,103498.18,1462.02815,103460.9,10547.557,7.552e-05
363,2025-05-31 16:00:00+00:00,104556.08,2862.31641,104497.1,29627.761,4.687e-05
364,2025-05-31 20:00:00+00:00,104698.02,1237.73843,104653.9,11091.248,4.687e-05
365,2025-06-01 00:00:00+00:00,104591.88,1056.179,104544.7,8321.789,-5.82e-06
366,2025-06-01 04:00:00+00:00,104381.03,1332.51766,104336.4,14341.262,-5.82e-06
367,2025-06-01 08:00:00+00:00,104275.95,935.26236,104231.0,9469.678,2.335e-05
368,2025-06-01 12:00:00+00:00,104082.68,1515.57248,104038.0,15555.538,2.335e-05
369,2025-06-01 16:00:00+00:00,104715.1,1868.98228,104664.0,16896.822,4.117e-05
370,2025-06-01 20:00:00+00:00,105121.94,2430.98984,105075.2,24033.126,4.117e-05
371,2025-06-02 00:00:00+00:00,105642.93,1626.37544,105583.3,17123.814,-6.42e-06
372,2025-06-02 04:00:00+00:00,104829.27,1887.57513,104781.8,17614.141,-6.42e-06
373,2025-06-02 08:00:00+00:00,105387.67,1324.62784,105346.4,15376.453,5.593e-05
374,2025-06-02 12:00:00+00:00,104047.64,3133.90977,104000.0,39491.959,5.593e-05
375,2025-06-02 16:00:00+00:00,104438.79,3457.5451,104396.8,42551.179,4.467e-05
376,2025-06-02 20:00:00+00:00,104425.63,1581.04916,104366.4,15855.761,4.467e-05
377,2025-06-03 00:00:00+00:00,105857.99,2069.28113,105814.3,27363.425,5.005e-05
378,2025-06-03 04:00:00+00:00,105482.02,2370.68744,105448.8,29321.06,5.005e-05
379,2025-06-03 08:00:00+00:00,105170.75,1808.4499,105134.4,12956.522,6.066e-05
380,2025-06-03 12:00:00+00:00,105287.24,1581.41246,105240.1,12289.458,6.066e-05
381,2025-06-03 16:00:00+00:00,106610.66,3944.17196,106556.1,42236.633,4.456e-05
382,2025-06-03 20:00:00+00:00,106238.81,2007.43502,106171.8,25039.332,4.456e-05
383,2025-06-04 00:00:00+00:00,105376.89,1547.36956,105330.1,17373.002,-1.1e-07
384,2025-06-04 04:00:00+00:00,105519.27,1468.56182,105474.9,15154.628,-1.1e-07
385,2025-06-04 08:00:00+00:00,105320.75,2243.32025,105260.2,9967.039,2.611e-05
386,2025-06-04 12:00:00+00:00,105084.36,3840.76425,105044.1,22229.278,2.611e-05
387,2025-06-04 16:00:00+00:00,105298.27,3906.47888,105254.7,44030.271,9.62e-06
388,2025-06-04 20:00:00+00:00,104913.52,1452.09412,104870.4,14054.096,9.62e-06
389,2025-06-05 00:00:00+00:00,104696.86,1123.6755,104641.8,13098.813,7.4e-07
390,2025-06-05 04:00:00+00:00,105047.15,1126.54275,104991.4,11856.411,7.4e-07
391,2025-06-05 08:00:00+00:00,104518.05,1593.6961,104473.0,15487.56,2.871e-05
392,2025-06-05 12:00:00+00:00,104827.8,1061.75675,104772.7,10288.16,2.871e-05
393,2025-06-05 16:00:00+00:00,104531.49,5067.78387,104490.5,68596.82,5.156e-05
394,2025-06-05 20:00:00+00:00,101914.77,6187.5316,101872.9,76338.478,5.156e-05
395,2025-06-06 00:00:00+00:00,101508.68,7284.19047,101458.6,63671.245,-3.491e-05
396,2025-06-06 04:00:00+00:00,102493.3,2752.42188,102444.9,24397.812,-3.491e-05
397,2025-06-06 08:00:00+00:00,103150.44,2278.64268,103096.8,28923.945,-3.03e-05
398,2025-06-06 12:00:00+00:00,103927.99,2218.22642,103866.0,24302.565,-3.03e-05
399,2025-06-06 16:00:00+00:00,105092.28,4660.37233,105035.4,61774.111,-2.995e-05
400,2025-06-06 20:00:00+00:00,104219.8,2762.90707,104176.9,25548.57,-2.995e-05
401,2025-06-07 00:00:00+00:00,104288.44,1166.50347,104240.0,9353.903,-2.89e-05
402,2025-06-07 04:00:00+00:00,104871.58,1400.16428,104822.4,15787.969,-2.89e-05
403,2025-06-07 08:00:00+00:00,104867.04,1309.06461,104813.6,13412.441,-3.158e-05
404,2025-06-07 12:00:00+00:00,105150.01,1180.35371,105094.5,10912.449,-3.158e-05
405,2025-06-07 16:00:00+00:00,105558.11,2197.72958,105507.9,19660.879,2.94e-06
406,2025-06-07 20:00:00+00:00,105725.91,1536.04392,105694.2,13309.422,2.94e-06
407,2025-06-08 00:00:00+00:00,105552.15,721.57596,105507.5,6750.013,4.808e-05
408,2025-06-08 04:00:00+00:00,105471.59,1084.68276,105436.4,8070.07,4.808e-05
409,2025-06-08 08:00:00+00:00,105426.45,623.06268,105380.4,5648.935,5.613e-05
410,2025-06-08 12:00:00+00:00,105686.71,1672.01298,105619.2,15763.69,5.613e-05
411,2025-06-08 16:00:00+00:00,105984.52,2200.98155,105917.5,19486.972,-3.602e-05
412,2025-06-08 20:00:00+00:00,106289.99,1099.96633,106242.6,13202.73,-3.602e-05
413,2025-06-09 00:00:00+00:00,105734.0,1367.35675,105676.5,12932.707,-2.164e-05
414,2025-06-09 04:00:00+00:00,105659.13,1795.0497,105617.0,12640.84,-2.164e-05
415,2025-06-09 08:00:00+00:00,105560.71,1470.33986,105516.7,8731.33,4.024e-05
416,2025-06-09 12:00:00+00:00,107759.21,4424.95656,107707.9,49256.42,4.024e-05
417,2025-06-09 16:00:00+00:00,107635.91,3544.41855,107564.3,43730.983,3.057e-05
418,2025-06-09 20:00:00+00:00,108564.72,2689.46607,108515.1,31629.447,3.057e-05
419,2025-06-10 00:00:00+00:00,110263.02,6051.14377,110227.9,46967.389,6.374e-05
420,2025-06-10 04:00:00+00:00,109568.02,2356.61975,109525.8,20879.389,6.374e-05
421,2025-06-10 08:00:00+00:00,109205.14,2317.07387,109178.0,17640.424,0.0001
422,2025-06-10 12:00:00+00:00,109541.28,2344.90457,109498.1,22098.84,0.0001
423,2025-06-10 16:00:00+00:00,109015.42,5247.00781,108975.3,44120.927,8.165e-05
424,2025-06-10 20:00:00+00:00,109526.3,2639.86004,109460.0,29872.958,8.165e-05
425,2025-06-11 00:00:00+00:00,110274.39,2166.36235,110235.4,17604.436,8.779e-05
426,2025-06-11 04:00:00+00:00,109722.95,1393.61311,109664.1,12285.286,8.779e-05
427,2025-06-11 08:00:00+00:00,109446.74,1000.47435,109396.9,9255.542,8.39e-05
428,2025-06-11 12:00:00+00:00,109252.09,1633.7552,109200.1,11892.147,8.39e-05
429,2025-06-11 16:00:00+00:00,109735.7,4399.26765,109694.8,47346.71,5.039e-05
430,2025-06-11 20:00:00+00:00,108742.37,2837.53217,108684.5,33333.871,5.039e-05
431,2025-06-12 00:00:00+00:00,108645.12,1851.2739,108600.0,20308.765,1.856e-05
432,2025-06-12 04:00:00+00:00,107860.05,3756.8345,107820.5,24193.834,1.856e-05
433,2025-06-12 08:00:00+00:00,107633.53,2337.6809,107577.0,17432.701,7.247e-05
434,2025-06-12 12:00:00+00:00,106900.95,1866.42836,106862.9,20489.988,7.247e-05
435,2025-06-12 16:00:00+00:00,107020.95,3201.2854,106960.6,44438.417,1.198e-05
436,2025-06-12 20:00:00+00:00,106788.8,2559.00784,106749.6,36093.638,1.198e-05
437,2025-06-13 00:00:00+00:00,105671.73,4057.43518,105609.5,43141.612,-1.801e-05
438,2025-06-13 04:00:00+00:00,104277.22,11535.37443,104233.9,98662.526,-1.801e-05
439,2025-06-13 08:00:00+00:00,104895.0,3355.01643,104831.4,27313.357,-2.7e-06
440,2025-06-13 12:00:00+00:00,105039.48,3146.66203,104989.9,28154.767,-2.7e-06
441,2025-06-13 16:00:00+00:00,105436.87,3901.15519,105391.9,46774.893,3.857e-05
442,2025-06-13 20:00:00+00:00,105110.0,2950.53869,105050.0,31938.527,3.857e-05
443,2025-06-14 00:00:00+00:00,106066.59,1292.07057,106027.3,13091.343,1.958e-05
444,2025-06-14 04:00:00+00:00,105228.82,3017.48753,105189.4,16567.596,1.958e-05
445,2025-06-14 08:00:00+00:00,105076.59,1002.68077,105025.1,9863.73,3.858e-05
446,2025-06-14 12:00:00+00:00,105082.01,786.7679,105030.6,7912.806,3.858e-05
447,2025-06-14 16:00:00+00:00,104841.3,1045.14048,104783.4,11378.285,1.135e-05
448,2025-06-14 20:00:00+00:00,104645.67,1687.29248,104582.3,18623.517,1.135e-05
449,2025-06-15 00:00:00+00:00,105414.64,1259.57053,105359.9,15565.636,-3.641e-05
450,2025-06-15 04:00:00+00:00,105473.55,759.41728,105425.6,7896.238,-3.641e-05
451,2025-06-15 08:00:00+00:00,105428.0,1381.52981,105374.1,16601.294,1.439e-05
452,2025-06-15 12:00:00+00:00,104970.51,1057.15319,104924.5,10938.222,1.439e-05
453,2025-06-15 16:00:00+00:00,105564.0,1245.40098,105526.0,16414.581,7.369e-05
454,2025-06-15 20:00:00+00:00,105294.19,975.97763,105252.0,10211.904,7.369e-05
455,2025-06-16 00:00:00+00:00,105594.01,1744.72158,105534.6,16757.16,9.36e-06
456,2025-06-16 04:00:00+00:00,105921.84,1680.0381,105865.6,17792.791,9.36e-06
457,2025-06-16 08:00:00+00:00,107061.8,2778.21159,107023.8,30100.727,5.07e-05
458,2025-06-16 12:00:00+00:00,106883.99,2148.92551,106842.5,16343.835,5.07e-05
459,2025-06-16 16:00:00+00:00,107424.96,2538.358,107374.9,32297.364,2.793e-05
460,2025-06-16 20:00:00+00:00,108652.0,2748.12533,108594.2,31766.821,2.793e-05
461,2025-06-17 00:00:00+00:00,106794.53,3029.00687,106750.1,38511.681,1.847e-05
462,2025-06-17 04:00:00+00:00,107590.41,3025.95246,107553.3,37289.67,1.847e-05
463,2025-06-17 08:00:00+00:00,106758.52,1696.95424,106711.1,17587.099,5.776e-05
464,2025-06-17 12:00:00+00:00,105641.47,2408.54535,105592.9,28139.512,5.776e-05
465,2025-06-17 16:00:00+00:00,104241.63,4308.26392,104199.2,60675.19,2.211e-05
466,2025-06-17 20:00:00+00:00,104686.12,4719.96669,104630.6,58959.759,2.211e-05
467,2025-06-18 00:00:00+00:00,104551.17,1706.64759,104508.0,23400.633,-1.752e-05
468,2025-06-18 04:00:00+00:00,105184.84,1346.38636,105132.2,14529.003,-1.752e-05
469,2025-06-18 08:00:00+00:00,104973.24,1758.92527,104925.7,17150.86,3.695e-05
470,2025-06-18 12:00:00+00:00,104840.59,1900.45623,104791.2,24837.186,3.695e-05
471,2025-06-18 16:00:00+00:00,104801.01,4024.47787,104744.2,52718.894,6.692e-05
472,2025-06-18 20:00:00+00:00,103808.41,3290.4773,103773.3,44220.997,6.692e-05
473,2025-06-19 00:00:00+00:00,104886.78,1647.91864,104832.8,19249.459,8.45e-06
474,2025-06-19 04:00:00+00:00,105100.02,1479.10507,105054.4,15050.881,8.45e-06
475,2025-06-19 08:00:00+00:00,104642.85,1132.25759,104585.9,12630.633,6.16e-06
476,2025-06-19 12:00:00+00:00,104776.23,949.58523,104717.7,9030.799,6.16e-06
477,2025-06-19 16:00:00+00:00,104096.93,1595.4989,104055.1,21664.367,2.396e-05
478,2025-06-19 20:00:00+00:00,104250.44,1624.22301,104202.6,19357.697,2.396e-05
479,2025-06-20 00:00:00+00:00,104658.59,897.93757,104607.1,9976.228,3.565e-05
480,2025-06-20 04:00:00+00:00,104596.63,1026.45735,104555.1,8187.275,3.565e-05
481,2025-06-20 08:00:00+00:00,105811.74,1878.07017,105763.5,22781.587,7.862e-05
482,2025-06-20 12:00:00+00:00,105977.82,2862.78664,105928.6,35129.8,7.862e-05
483,2025-06-20 16:00:00+00:00,104217.99,3668.86931,104168.5,58185.489,2.4e-05
484,2025-06-20 20:00:00+00:00,103307.22,5227.49835,103263.9,58187.934,2.4e-05
485,2025-06-21 00:00:00+00:00,103297.99,1755.38101,103246.1,16630.05,3.977e-05
486,2025-06-21 04:00:00+00:00,103495.87,750.73411,103434.5,8659.61,3.977e-05
487,2025-06-21 08:00:00+00:00,103458.5,686.61118,103402.2,6144.184,1.933e-05
488,2025-06-21 12:00:00+00:00,103874.64,1188.56205,103827.5,12050.22,1.933e-05
489,2025-06-21 16:00:00+00:00,103560.9,1449.27436,103516.7,17939.107,7.44e-05
490,2025-06-21 20:00:00+00:00,102245.1,2365.40427,102207.5,22756.187,7.44e-05
491,2025-06-22 00:00:00+00:00,102120.01,4713.62735,102079.8,53222.042,2.883e-05
492,2025-06-22 04:00:00+00:00,102375.4,4339.90882,102340.0,46913.542,2.883e-05
493,2025-06-22 08:00:00+00:00,102424.61,1481.73109,102399.0,16170.421,0.0001
494,2025-06-22 12:00:00+00:00,102739.48,1801.30685,102693.7,14959.174,0.0001
495,2025-06-22 16:00:00+00:00,98906.21,12422.58545,98849.9,119443.671,4.145e-05
496,2025-06-22 20:00:00+00:00,98882.84,4419.40202,98829.7,44659.1,4.145e-05
497,2025-06-23 00:00:00+00:00,100963.87,4281.47649,100904.7,51416.728,-1.061e-05
498,2025-06-23 04:00:00+00:00,101154.14,2930.22354,101104.4,27455.568,-1.061e-05
499,2025-06-23 08:00:00+00:00,101931.04,2509.06943,101874.5,23144.867,-2.809e-05
500,2025-06-23 12:00:00+00:00,101289.01,2527.52051,101248.5,18847.037,-2.809e-05
501,2025-06-23 16:00:00+00:00,101420.7,4451.665,101369.7,54410.602,4.889e-05
502,2025-06-23 20:00:00+00:00,103161.29,7496.3725,103114.2,96846.702,4.889e-05
503,2025-06-24 00:00:00+00:00,105333.93,7751.65511,105290.9,76517.265,1.245e-05
504,2025-06-24 04:00:00+00:00,104919.6,2882.14256,104870.0,22863.359,1.245e-05
505,2025-06-24 08:00:00+00:00,104933.74,3158.97987,104891.8,27514.69,1.218e-05
506,2025-06-24 12:00:00+00:00,105170.0,2216.8644,105134.6,23689.654,1.218e-05
507,2025-06-24 16:00:00+00:00,105244.73,2933.73072,105184.4,32530.67,4.47e-06
508,2025-06-24 20:00:00+00:00,105643.19,2366.40087,105582.1,27242.579,4.47e-06
509,2025-06-25 00:00:00+00:00,106083.0,1093.57493,106034.9,10608.935,-3.174e-05
510,2025-06-25 04:00:00+00:00,106232.01,2385.0945,106177.0,25837.304,-3.174e-05
511,2025-06-25 08:00:00+00:00,106600.01,1317.62334,106547.5,11857.788,2.747e-05
512,2025-06-25 12:00:00+00:00,107198.02,2272.81569,107136.3,25270.696,2.747e-05
513,2025-06-25 16:00:00+00:00,107028.0,7497.00314,106982.6,62655.746,9.62e-06
514,2025-06-25 20:00:00+00:00,107761.68,2109.69446,107698.2,20971.111,9.62e-06
515,2025-06-26 00:00:00+00:00,107340.58,1118.92438,107280.0,12685.178,1.41e-06
516,2025-06-26 04:00:00+00:00,107853.79,1896.83706,107809.3,21442.778,1.41e-06
517,2025-06-26 08:00:00+00:00,107813.99,1290.81871,107768.5,10862.684,3.805e-05
518,2025-06-26 12:00:00+00:00,107325.41,2010.44306,107272.8,17852.704,3.805e-05
519,2025-06-26 16:00:00+00:00,107313.6,2623.12904,107260.0,33276.67,6.82e-06
520,2025-06-26 20:00:00+00:00,107532.98,1252.6466,107476.1,13297.913,6.82e-06
521,2025-06-27 00:00:00+00:00,106947.06,1499.39832,106913.7,17700.637,1.113e-05
522,2025-06-27 04:00:00+00:00,107477.76,1472.30428,107428.0,15903.805,1.113e-05
523,2025-06-27 08:00:00+00:00,106869.71,1946.05962,106816.9,13995.556,2.663e-05
524,2025-06-27 12:00:00+00:00,106983.6,2318.07544,106943.7,18756.592,2.663e-05
525,2025-06-27 16:00:00+00:00,107308.25,3704.52866,107261.3,34011.743,2.557e-05
526,2025-06-27 20:00:00+00:00,106801.02,1987.48356,106748.1,27344.038,2.557e-05
527,2025-06-28 00:00:00+00:00,107047.59,803.98886,107010.7,8625.716,-1.161e-05
528,2025-06-28 04:00:00+00:00,107300.13,775.04704,107248.0,8573.672,-1.161e-05
529,2025-06-28 08:00:00+00:00,107485.0,497.62159,107433.0,5266.941,6.053e-05
530,2025-06-28 12:00:00+00:00,107373.39,416.2984,107320.3,5080.545,6.053e-05
531,2025-06-28 16:00:00+00:00,107449.28,714.87392,107407.6,6987.81,4.434e-05
532,2025-06-28 20:00:00+00:00,107225.74,499.08961,107162.5,6567.659,4.434e-05
533,2025-06-29 00:00:00+00:00,107296.79,379.24296,107241.0,3193.792,1.25e-05
534,2025-06-29 04:00:00+00:00,107210.78,534.03453,107156.5,6341.251,1.25e-05
535,2025-06-29 08:00:00+00:00,107402.18,340.57663,107367.2,3360.312,5.36e-05
536,2025-06-29 12:00:00+00:00,108477.11,1988.92767,108448.3,25224.949,5.36e-05
537,2025-06-29 16:00:00+00:00,107750.72,1320.45894,107686.9,14699.842,0.0001
538,2025-06-29 20:00:00+00:00,107406.81,1188.5295,107346.5,13327.099,0.0001
539,2025-06-30 00:00:00+00:00,108356.93,1459.20913,108309.8,16494.872,1.084e-05
540,2025-06-30 04:00:00+00:00,108503.74,1564.16827,108466.7,16475.112,1.084e-05
541,2025-06-30 08:00:00+00:00,107614.08,1581.27553,107562.6,20237.325,2.959e-05
542,2025-06-30 12:00:00+00:00,107654.2,1242.20442,107608.1,14358.165,2.959e-05
543,2025-06-30 16:00:00+00:00,107580.46,2980.03437,107525.6,38964.361,4.923e-05
544,2025-06-30 20:00:00+00:00,107745.97,1314.82691,107689.6,15502.118,4.923e-05
545,2025-07-01 00:00:00+00:00,107146.5,1071.61541,107087.4,9144.305,1.053e-05
546,2025-07-01 04:00:00+00:00,107192.38,973.46,107149.4,9332.538,1.053e-05
547,2025-07-01 08:00:00+00:00,107178.99,1267.97836,107134.9,15896.58,4.334e-05
548,2025-07-01 12:00:00+00:00,106605.8,1434.81634,106556.8,16028.372,4.334e-05
549,2025-07-01 16:00:00+00:00,105955.18,3974.69567,105908.3,45292.146,1.109e-05
550,2025-07-01 20:00:00+00:00,105398.53,1690.90273,105340.1,21726.122,1.109e-05
551,2025-07-02 00:00:00+00:00,105681.14,1163.77127,105637.9,12158.643,1.807e-05
552,2025-07-02 04:00:00+00:00,106194.7,1453.64233,106140.0,15209.233,1.807e-05
553,2025-07-02 08:00:00+00:00,107080.0,1903.51108,107026.0,21402.727,3.403e-05
554,2025-07-02 12:00:00+00:00,107479.99,2147.6808,107439.6,30093.388,3.403e-05
555,2025-07-02 16:00:00+00:00,108737.74,3227.14121,108695.3,42934.441,4.13e-05
556,2025-07-02 20:00:00+00:00,109676.14,5656.10907,109621.9,52472.299,4.13e-05
557,2025-07-03 00:00:00+00:00,108849.6,3303.81143,108800.0,15455.173,4.871e-05
558,2025-07-03 04:00:00+00:00,108628.21,1439.99562,108594.8,12861.074,4.871e-05
559,2025-07-03 08:00:00+00:00,109280.0,1560.58968,109235.0,16803.208,3.562e-05
560,2025-07-03 12:00:00+00:00,109599.19,3249.5488,109551.0,26021.311,3.562e-05
561,2025-07-03 16:00:00+00:00,109127.84,4201.7259,109089.8,60448.794,5.028e-05
562,2025-07-03 20:00:00+00:00,109803.41,1688.44383,109743.9,17643.766,5.028e-05
563,2025-07-04 00:00:00+00:00,109584.78,906.77842,109545.2,7709.844,5.23e-05
564,2025-07-04 04:00:00+00:00,109235.57,1002.72236,109195.6,10659.199,5.23e-05
565,2025-07-04 08:00:00+00:00,108700.0,1609.06105,108661.0,15465.862,5.009e-05
566,2025-07-04 12:00:00+00:00,108888.0,1086.39121,108842.3,16634.811,5.009e-05
567,2025-07-04 16:00:00+00:00,107573.29,3616.08946,107534.7,48983.286,1.797e-05
568,2025-07-04 20:00:00+00:00,107469.23,3431.70312,107429.6,28292.819,1.797e-05
569,2025-07-05 00:00:00+00:00,107984.24,1047.89895,107935.4,12269.87,1.066e-05
570,2025-07-05 04:00:00+00:00,108154.72,766.63785,108093.5,7916.035,1.066e-05
571,2025-07-05 08:00:00+00:00,108053.46,660.13042,108000.9,7573.066,3.055e-05
572,2025-07-05 12:00:00+00:00,108112.21,675.37974,108059.1,5891.798,3.055e-05
573,2025-07-05 16:00:00+00:00,108058.0,564.4708,108012.7,5090.317,4.005e-05
574,2025-07-05 20:00:00+00:00,108141.78,586.1961,108092.1,6157.434,4.005e-05
575,2025-07-06 00:00:00+00:00,108198.12,484.16079,108153.4,4032.298,1.941e-05
576,2025-07-06 04:00:00+00:00,108050.49,397.25464,107996.3,4372.14,1.941e-05
577,2025-07-06 08:00:00+00:00,108040.31,497.89684,107991.3,3924.309,1.665e-05
578,2025-07-06 12:00:00+00:00,108076.01,740.99603,108017.3,7597.263,1.665e-05
579,2025-07-06 16:00:00+00:00,108905.99,2193.35606,108856.8,25569.419,1.028e-05
580,2025-07-06 20:00:00+00:00,108538.46,922.00834,108493.8,10930.018,1.028e-05
581,2025-07-07 00:00:00+00:00,109203.84,1696.09509,109145.8,19995.454,2.36e-05
582,2025-07-07 04:00:00+00:00,109389.47,1313.66179,109348.9,15642.606,2.36e-05
583,2025-07-07 08:00:00+00:00,109061.08,1068.89272,109016.3,11504.51,3.438e-05
584,2025-07-07 12:00:00+00:00,108642.01,1793.43934,108599.9,12004.305,3.438e-05
585,2025-07-07 16:00:00+00:00,108292.59,2516.39623,108249.0,30362.595,4.271e-05
586,2025-07-07 20:00:00+00:00,108056.68,1826.11433,107999.9,28556.766,4.271e-05
587,2025-07-08 00:00:00+00:00,108262.94,886.8716,108203.9,8326.796,1.073e-05
588,2025-07-08 04:00:00+00:00,107901.52,2011.55999,107852.6,17984.307,1.073e-05
589,2025-07-08 08:00:00+00:00,108484.61,1010.06569,108440.7,10189.634,4.563e-05
590,2025-07-08 12:00:00+00:00,108756.37,1314.23794,108713.1,15943.556,4.563e-05
591,2025-07-08 16:00:00+00:00,108268.35,1848.45054,108217.0,24144.169,3.601e-05
592,2025-07-08 20:00:00+00:00,108771.88,2426.90745,108723.6,20875.072,3.601e-05
593,2025-07-09 00:00:00+00:00,108922.98,604.79919,108873.1,6019.289,3.093e-05
594,2025-07-09 04:00:00+00:00,108376.41,994.80226,108311.9,11601.542,3.093e-05
595,2025-07-09 08:00:00+00:00,108714.39,1001.59915,108674.8,9998.912,3.396e-05
596,2025-07-09 12:00:00+00:00,109058.27,1275.99616,109008.3,9544.375,3.396e-05
597,2025-07-09 16:00:00+00:00,109071.32,4108.39131,109020.0,44231.698,4.253e-05
598,2025-07-09 20:00:00+00:00,111750.0,6338.57455,111718.8,55843.017,4.253e-05
599,2025-07-10 00:00:00+00:00,111233.99,3562.92307,111199.9,36615.187,0.0001
600,2025-07-10 04:00:00+00:00,111074.51,1687.73466,111028.2,13062.149,0.0001
601,2025-07-10 08:00:00+00:00,111230.0,1667.11413,111186.1,10503.767,8.523e-05
602,2025-07-10 12:00:00+00:00,111019.99,1407.79297,110972.2,12366.984,8.523e-05
603,2025-07-10 16:00:00+00:00,111408.4,2221.21737,111350.0,29486.905,1.908e-05
604,2025-07-10 20:00:00+00:00,113301.81,7461.037691,113246.1,78710.069,1.908e-05
605,2025-07-11 00:00:00+00:00,116010.0,10438.553844,115979.2,81440.339,0.0001
606,2025-07-11 04:00:00+00:00,116881.7,4456.671301,116839.5,29918.24,0.0001
607,2025-07-11 08:00:00+00:00,117526.88,7940.173377,117522.7,57156.787,0.0001
608,2025-07-11 12:00:00+00:00,117821.91,4664.06161,117790.1,30866.366,0.0001
609,2025-07-11 16:00:00+00:00,116902.59,4711.37408,116910.3,41834.893,0.0001
610,2025-07-11 20:00:00+00:00,118108.81,2754.72647,118072.7,25630.995,0.0001
611,2025-07-12 00:00:00+00:00,117527.66,1346.51431,117500.0,14412.076,0.0001
612,2025-07-12 04:00:00+00:00,117774.42,1268.81982,117730.0,8464.791,0.0001
613,2025-07-12 08:00:00+00:00,117731.99,1157.69575,117689.7,9786.843,0.0001
614,2025-07-12 12:00:00+00:00,117810.0,1459.36466,117773.6,10654.146,0.0001
615,2025-07-12 16:00:00+00:00,117100.01,2887.39027,117075.6,20538.261,0.0001
616,2025-07-12 20:00:00+00:00,117550.96,961.54328,117525.7,8165.529,0.0001
617,2025-07-13 00:00:00+00:00,117420.0,711.79059,117389.3,6112.902,0.0001
618,2025-07-13 04:00:00+00:00,117753.6,696.41148,117711.5,7178.918,0.0001
619,2025-07-13 08:00:00+00:00,117999.0,867.97982,117950.0,7310.041,0.0001
620,2025-07-13 12:00:00+00:00,118072.01,685.44893,118036.1,6329.781,0.0001
621,2025-07-13 16:00:00+00:00,118672.24,3891.104317,118610.6,39022.92,0.0001
622,2025-07-13 20:00:00+00:00,118961.08,1749.40157,118923.0,14954.202,0.0001
623,2025-07-14 00:00:00+00:00,119086.64,1660.44683,119038.3,15256.519,8.051e-05
624,2025-07-14 04:00:00+00:00,120750.24,5418.532886,120733.2,43343.17,8.051e-05
625,2025-07-14 08:00:00+00:00,122736.04,6981.800221,122731.0,55896.715,0.0001
626,2025-07-14 12:00:00+00:00,121467.24,3279.33527,121474.5,26389.017,0.0001
627,2025-07-14 16:00:00+00:00,119878.23,6047.71252,119863.1,50636.426,0.0001
628,2025-07-14 20:00:00+00:00,119939.41,4127.24496,119920.0,31947.629,0.0001
629,2025-07-15 00:00:00+00:00,119841.18,1414.72302,119816.5,13343.163,0.0001
630,2025-07-15 04:00:00+00:00,117148.47,6623.40172,117209.2,58092.182,0.0001
631,2025-07-15 08:00:00+00:00,116779.12,5478.80575,116777.1,43592.968,0.0001
632,2025-07-15 12:00:00+00:00,117113.98,3612.34292,117110.4,23334.349,0.0001
633,2025-07-15 16:00:00+00:00,116391.43,8662.27705,116393.0,79630.187,0.0001
634,2025-07-15 20:00:00+00:00,116416.07,5395.39361,116428.9,45663.41,0.0001
635,2025-07-16 00:00:00+00:00,117758.09,2246.23978,117738.5,19664.35,0.0001
636,2025-07-16 04:00:00+00:00,117482.67,2060.70862,117477.6,17005.915,0.0001
637,2025-07-16 08:00:00+00:00,118189.25,1653.72862,118181.2,14568.033,0.0001
638,2025-07-16 12:00:00+00:00,118769.06,2658.37376,118755.1,24815.797,0.0001
639,2025-07-16 16:00:00+00:00,119095.76,4851.16642,119056.0,52951.251,0.0001
640,2025-07-16 20:00:00+00:00,119230.16,2877.33424,119186.7,27062.815,0.0001
641,2025-07-17 00:00:00+00:00,118630.43,2938.59685,118590.7,22762.137,0.0001
642,2025-07-17 04:00:00+00:00,118128.8,2234.06203,118090.9,24347.198,0.0001
643,2025-07-17 08:00:00+00:00,118311.75,2080.63383,118293.9,15838.307,0.0001
644,2025-07-17 12:00:00+00:00,117995.0,2041.88316,117968.9,19524.523,0.0001
645,2025-07-17 16:00:00+00:00,118881.99,3175.79483,118875.0,33485.56,0.0001
646,2025-07-17 20:00:00+00:00,118959.66,2433.94045,118948.8,24071.418,0.0001
647,2025-07-18 00:00:00+00:00,119177.56,3762.26221,119176.6,47007.395,0.0001
648,2025-07-18 04:00:00+00:00,120223.09,2672.86935,120212.8,22719.763,0.0001
649,2025-07-18 08:00:00+00:00,119339.51,3649.17934,119356.6,21765.573,0.0001
650,2025-07-18 12:00:00+00:00,119171.34,3814.49483,119175.5,27047.111,0.0001
651,2025-07-18 16:00:00+00:00,117860.25,5020.77844,117830.0,46533.252,0.0001
652,2025-07-18 20:00:00+00:00,117374.76,2564.58563,117361.6,20948.078,0.0001
653,2025-07-19 00:00:00+00:00,117924.84,2202.75507,117896.4,23233.129,0.0001
654,2025-07-19 04:00:00+00:00,118322.54,1323.00452,118295.2,9844.745,0.0001
655,2025-07-19 08:00:00+00:00,118163.06,828.72543,118135.0,5699.452,0.0001
656,2025-07-19 12:00:00+00:00,118327.06,1123.42732,118300.0,7488.051,0.0001
657,2025-07-19 16:00:00+00:00,118058.11,1656.6673,118025.6,11576.241,0.0001
658,2025-07-19 20:00:00+00:00,118007.88,780.27633,117978.3,8300.911,0.0001
659,2025-07-20 00:00:00+00:00,117840.0,923.70216,117814.4,9621.793,0.0001
660,2025-07-20 04:00:00+00:00,117958.01,1216.03617,117934.1,7587.22,0.0001
661,2025-07-20 08:00:00+00:00,118029.49,940.72723,117984.3,5749.199,0.0001
662,2025-07-20 12:00:00+00:00,117878.46,1800.2823,117869.2,9129.395,0.0001
663,2025-07-20 16:00:00+00:00,118671.11,3280.10469,118669.3,17153.006,0.0001
664,2025-07-20 20:00:00+00:00,118155.01,2119.12806,118131.2,13641.525,0.0001
665,2025-07-21 00:00:00+00:00,117265.12,3606.65044,117216.0,29120.237,0.0001
666,2025-07-21 04:00:00+00:00,118404.0,2794.62163,118374.8,21656.729,0.0001
667,2025-07-21 08:00:00+00:00,119362.67,2783.66639,119352.2,21794.769,0.0001
668,2025-07-21 12:00:00+00:00,118070.17,2511.88984,118045.0,19078.201,0.0001
669,2025-07-21 16:00:00+00:00,118313.16,3505.38294,118304.1,33398.891,0.0001
670,2025-07-21 20:00:00+00:00,116767.67,3816.98929,116724.7,33604.587,0.0001
671,2025-07-22 00:00:00+00:00,117380.36,1694.78119,117330.2,12352.671,0.0001
672,2025-07-22 04:00:00+00:00,117210.0,3707.46413,117177.0,31111.146,0.0001
673,2025-07-22 08:00:00+00:00,117983.68,4279.84175,117959.5,25633.459,0.0001
674,2025-07-22 12:00:00+00:00,119154.99,3376.79135,119142.2,26898.785,0.0001
675,2025-07-22 16:00:00+00:00,118912.04,4597.23931,118899.8,51696.429,0.0001
676,2025-07-22 20:00:00+00:00,119282.1,3067.62854,119286.5,36767.964,0.0001
677,2025-07-23 00:00:00+00:00,119954.42,1930.16465,119993.7,14724.667,0.0001
678,2025-07-23 04:00:00+00:00,118614.17,2068.11927,118620.8,18660.208,0.0001
679,2025-07-23 08:00:00+00:00,118350.35,1564.23355,118327.0,14724.267,0.0001
680,2025-07-23 12:00:00+00:00,118538.46,1801.10341,118484.8,20516.01,0.0001
681,2025-07-23 16:00:00+00:00,118567.39,4037.18842,118531.0,37596.998,0.0001
682,2025-07-23 20:00:00+00:00,118393.64,2651.82367,118344.4,22578.767,0.0001
683,2025-07-24 00:00:00+00:00,118755.99,2436.28251,118713.5,22910.647,0.0001
684,2025-07-24 04:00:00+00:00,118488.92,1878.28334,118451.5,19395.181,0.0001
685,2025-07-24 08:00:00+00:00,118416.21,3786.93245,118368.0,33247.023,0.0001
686,2025-07-24 12:00:00+00:00,118600.0,2404.15809,118558.0,21819.142,0.0001
687,2025-07-24 16:00:00+00:00,119092.65,4139.29216,119074.1,34069.135,0.0001
688,2025-07-24 20:00:00+00:00,118943.42,2166.82662,118902.0,19232.517,0.0001
689,2025-07-25 00:00:00+00:00,118340.99,1431.39777,118294.3,9614.615,0.0001
690,2025-07-25 04:00:00+00:00,115419.66,11127.20493,115384.6,67458.1,0.0001
691,2025-07-25 08:00:00+00:00,115320.01,8835.25163,115288.8,58534.653,0.0001
692,2025-07-25 12:00:00+00:00,116543.58,7216.21136,116504.6,44704.838,0.0001
693,2025-07-25 16:00:00+00:00,115727.08,6361.79335,115687.4,47785.037,0.0001
694,2025-07-25 20:00:00+00:00,116688.6,3089.40882,116649.6,22061.427,0.0001
695,2025-07-26 00:00:00+00:00,117614.31,1776.47864,117583.5,19842.699,0.0001
696,2025-07-26 04:00:00+00:00,117489.62,1222.24277,117455.8,11547.475,0.0001
697,2025-07-26 08:00:00+00:00,117304.47,1006.48005,117288.1,5970.02,0.0001
698,2025-07-26 12:00:00+00:00,117776.11,1549.30958,117758.0,16554.074,0.0001
699,2025-07-26 16:00:00+00:00,118130.1,1303.59734,118111.1,10334.632,0.0001
700,2025-07-26 20:00:00+00:00,118232.11,1051.39337,118209.0,6040.431,0.0001
701,2025-07-27 00:00:00+00:00,117919.99,858.64895,117889.2,6771.972,0.0001
702,2025-07-27 04:00:00+00:00,118182.83,1007.50696,118162.0,6261.936,0.0001
703,2025-07-27 08:00:00+00:00,118095.95,808.21213,118083.6,5969.934,0.0001
704,2025-07-27 12:00:00+00:00,118072.71,835.9696,118053.4,8614.694,0.0001
705,2025-07-27 16:00:00+00:00,118585.74,1586.05165,118580.8,14083.048,0.0001
706,2025-07-27 20:00:00+00:00,118960.0,3418.37234,118953.3,27165.447,0.0001
707,2025-07-28 00:00:00+00:00,119415.55,1672.19651,119423.4,13883.9,0.0001
708,2025-07-28 04:00:00+00:00,119287.99,1824.53168,119269.7,14577.544,0.0001
709,2025-07-28 08:00:00+00:00,118900.0,2360.0622,118873.2,13369.059,0.0001
710,2025-07-28 12:00:00+00:00,118827.49,2060.1822,118813.3,12578.189,0.0001
711,2025-07-28 16:00:00+00:00,118174.9,3792.61028,118152.8,33484.739,0.0001
712,2025-07-28 20:00:00+00:00,118068.73,2575.55527,118050.0,22310.897,0.0001
713,2025-07-29 00:00:00+00:00,118062.32,1348.80591,118041.4,10391.901,0.0001
714,2025-07-29 04:00:00+00:00,118764.85,2242.87768,118745.6,16848.829,0.0001
715,2025-07-29 08:00:00+00:00,118882.37,2579.99271,118856.2,13443.52,0.0001
716,2025-07-29 12:00:00+00:00,118592.38,1962.95351,118560.0,12770.764,0.0001
717,2025-07-29 16:00:00+00:00,117400.01,4173.95638,117345.7,34225.744,0.0001
718,2025-07-29 20:00:00+00:00,117525.29,2441.06334,117484.9,24192.938,0.0001
719,2025-07-30 00:00:00+00:00,117950.76,1737.09083,117897.0,13781.668,0.0001
720,2025-07-30 04:00:00+00:00,118161.87,1226.38506,118106.5,9850.102,0.0001
721,2025-07-30 08:00:00+00:00,118123.01,1232.08963,118083.1,9746.446,0.0001
722,2025-07-30 12:00:00+00:00,117579.99,2228.01795,117526.7,15902.454,0.0001
723,2025-07-30 16:00:00+00:00,118000.01,3794.91612,117950.0,28851.628,0.0001
724,2025-07-30 20:00:00+00:00,116916.73,5721.15052,116865.2,46229.505,0.0001
725,2025-07-31 00:00:00+00:00,117840.3,1384.17703,117771.0,14337.722,5.694e-05
726,2025-07-31 04:00:00+00:00,118466.14,2307.57332,118429.0,17973.204,5.694e-05
727,2025-07-31 08:00:00+00:00,118665.97,1907.96734,118624.1,12172.541,0.0001
728,2025-07-31 12:00:00+00:00,118371.25,1290.20631,118330.9,8609.962,0.0001
729,2025-07-31 16:00:00+00:00,118306.18,3457.28095,118259.3,26860.019,0.0001
730,2025-07-31 20:00:00+00:00,116785.79,4228.22018,116718.9,34611.488,0.0001
731,2025-08-01 00:00:00+00:00,115764.08,3818.7592,115697.3,34810.253,-1.408e-05
732,2025-08-01 04:00:00+00:00,115648.03,5440.32571,115595.7,42604.847,-1.408e-05
733,2025-08-01 08:00:00+00:00,115081.77,2952.50734,115015.1,21214.534,1.549e-05
734,2025-08-01 12:00:00+00:00,115305.65,3338.52917,115246.6,26589.382,1.549e-05
735,2025-08-01 16:00:00+00:00,115357.82,5325.96286,115305.3,54800.767,5.681e-05
736,2025-08-01 20:00:00+00:00,113328.68,4135.47502,113278.5,46088.416,5.681e-05
737,2025-08-02 00:00:00+00:00,113297.93,3294.30196,113244.8,29984.153,4.81e-05
738,2025-08-02 04:00:00+00:00,113909.86,1422.97261,113859.9,11027.075,4.81e-05
739,2025-08-02 08:00:00+00:00,113982.49,1674.39001,113919.9,11938.326,8.94e-06
740,2025-08-02 12:00:00+00:00,113787.12,1135.36227,113732.5,10218.835,8.94e-06
741,2025-08-02 16:00:00+00:00,112840.71,1922.72871,112798.6,18494.393,4.437e-05
742,2025-08-02 20:00:00+00:00,112229.42,3414.70659,112175.5,36337.074,4.437e-05
743,2025-08-03 00:00:00+00:00,112546.35,1937.17409,112508.8,14443.745,5.633e-05
744,2025-08-03 04:00:00+00:00,113604.2,2106.5441,113550.9,17961.77,5.633e-05
745,2025-08-03 08:00:00+00:00,113700.0,764.27697,113647.2,6301.771,4.533e-05
746,2025-08-03 12:00:00+00:00,113862.18,1260.20877,113810.1,11023.459,4.533e-05
747,2025-08-03 16:00:00+00:00,113959.06,1131.56686,113904.3,10900.396,7.504e-05
748,2025-08-03 20:00:00+00:00,114313.19,1254.96509,114259.0,10570.464,7.504e-05
749,2025-08-04 00:00:00+00:00,114208.8,880.19867,114150.8,6426.009,4.188e-05
750,2025-08-04 04:00:00+00:00,114570.61,1525.00586,114520.2,12295.237,4.188e-05
751,2025-08-04 08:00:00+00:00,114652.97,1221.27307,114607.0,9279.797,5.719e-05
752,2025-08-04 12:00:00+00:00,114493.09,1188.64494,114450.0,7637.669,5.719e-05
753,2025-08-04 16:00:00+00:00,114826.0,2885.46126,114766.3,27575.335,3.912e-05
754,2025-08-04 20:00:00+00:00,114777.62,1843.11618,114724.0,17022.068,3.912e-05
755,2025-08-05 00:00:00+00:00,115055.03,1004.17785,115002.1,9518.485,7.101e-05
756,2025-08-05 04:00:00+00:00,114256.85,1398.92395,114215.0,10318.429,7.101e-05
757,2025-08-05 08:00:00+00:00,113969.7,2125.54323,113924.7,16889.881,8.589e-05
758,2025-08-05 12:00:00+00:00,114827.07,1593.56232,114782.0,15542.383,8.589e-05
759,2025-08-05 16:00:00+00:00,112934.0,4590.4684,112871.8,48789.021,4.784e-05
760,2025-08-05 20:00:00+00:00,113616.52,1434.52074,113573.1,16283.201,4.784e-05
761,2025-08-06 00:00:00+00:00,114129.75,899.77214,114069.6,11493.513,5.172e-05
762,2025-08-06 04:00:00+00:00,113509.97,1061.53764,113470.1,9186.999,5.172e-05
763,2025-08-06 08:00:00+00:00,114227.91,1437.03071,114179.2,14343.657,9.275e-05
764,2025-08-06 12:00:00+00:00,114226.69,1280.29764,114188.0,11807.499,9.275e-05
765,2025-08-06 16:00:00+00:00,115413.87,3509.68013,115366.3,37775.792,8.288e-05
766,2025-08-06 20:00:00+00:00,115259.99,1727.95909,115215.1,18625.447,8.288e-05
767,2025-08-07 00:00:00+00:00,114992.27,744.64797,114941.0,6859.276,4.843e-05
768,2025-08-07 04:00:00+00:00,114546.03,1192.91433,114500.8,10847.644,4.843e-05
769,2025-08-07 08:00:00+00:00,114787.99,1290.96115,114751.1,10679.936,7.574e-05
770,2025-08-07 12:00:00+00:00,116519.53,3698.10885,116469.1,40981.265,7.574e-05
771,2025-08-07 16:00:00+00:00,116689.81,2746.73177,116634.6,24976.017,6.275e-05
772,2025-08-07 20:00:00+00:00,117461.98,2735.62556,117407.6,31486.178,6.275e-05
773,2025-08-08 00:00:00+00:00,117472.01,1804.22097,117419.9,15438.015,2.403e-05
774,2025-08-08 04:00:00+00:00,116737.35,2393.91974,116692.2,17323.039,2.403e-05
775,2025-08-08 08:00:00+00:00,116817.19,1456.27491,116772.0,10920.557,1.729e-05
776,2025-08-08 12:00:00+00:00,116891.51,1108.98011,116840.5,10056.008,1.729e-05
777,2025-08-08 16:00:00+00:00,116207.69,2540.81848,116162.0,25731.574,7.973e-05
778,2025-08-08 20:00:00+00:00,116453.41,1690.79713,116384.4,18032.069,7.973e-05
779,2025-08-09 00:00:00+00:00,116674.74,854.52241,116628.2,7765.364,8.835e-05
780,2025-08-09 04:00:00+00:00,116384.01,971.89236,116331.5,5712.949,8.835e-05
781,2025-08-09 08:00:00+00:00,116756.01,2021.01259,116703.2,14934.749,9.087e-05
782,2025-08-09 12:00:00+00:00,117110.0,2353.3714,117064.9,25544.616,9.087e-05
783,2025-08-09 16:00:00+00:00,116892.47,1382.66437,116835.6,13944.013,5.151e-05
784,2025-08-09 20:00:00+00:00,116535.69,1202.78039,116499.9,7593.202,5.151e-05
785,2025-08-10 00:00:00+00:00,116462.25,1582.41033,116422.1,10195.005,9.849e-05
786,2025-08-10 04:00:00+00:00,118500.0,3892.68324,118480.1,34945.874,9.849e-05
787,2025-08-10 08:00:00+00:00,117808.3,2444.0838,117770.0,29066.653,0.0001
788,2025-08-10 12:00:00+00:00,118330.58,1506.32503,118295.9,16040.238,0.0001
789,2025-08-10 16:00:00+00:00,118815.0,2809.2276,118766.0,22868.048,0.0001
790,2025-08-10 20:00:00+00:00,118663.08,995.85812,118624.5,7283.134,0.0001
791,2025-08-11 00:00:00+00:00,119294.01,2674.59294,119255.3,20127.832,0.0001
792,2025-08-11 04:00:00+00:00,121728.99,7626.19257,121700.1,59538.202,0.0001
793,2025-08-11 08:00:00+00:00,121537.15,4279.8879,121534.8,27806.843,0.0001
794,2025-08-11 12:00:00+00:00,120561.54,4216.26732,120545.0,28876.249,0.0001
795,2025-08-11 16:00:00+00:00,120314.4,5236.26223,120271.2,48113.091,0.0001
796,2025-08-11 20:00:00+00:00,119089.3,2812.92272,119035.3,32996.458,0.0001
797,2025-08-12 00:00:00+00:00,118686.0,2322.80155,118641.9,19757.411,0.0001
798,2025-08-12 04:00:00+00:00,118857.7,1894.63528,118813.1,13300.142,0.0001
799,2025-08-12 08:00:00+00:00,118986.72,3135.38397,118931.9,14300.013,7.988e-05
800,2025-08-12 12:00:00+00:00,118522.22,2346.379,118464.1,13998.651,7.988e-05
801,2025-08-12 16:00:00+00:00,119933.0,4914.05441,119888.0,45134.657,8.543e-05
802,2025-08-12 20:00:00+00:00,119665.27,2309.07117,119600.3,22828.66,8.543e-05
803,2025-08-13 00:00:00+00:00,120134.08,2120.5851,120081.0,16146.432,7.123e-05
804,2025-08-13 04:00:00+00:00,119482.01,2361.00135,119436.0,16859.449,7.123e-05
805,2025-08-13 08:00:00+00:00,119580.4,2324.10298,119540.3,16032.891,0.0001
806,2025-08-13 12:00:00+00:00,120570.41,3213.18528,120538.5,23680.705,0.0001
807,2025-08-13 16:00:00+00:00,120920.62,7228.67197,120897.2,65444.155,0.0001
808,2025-08-13 20:00:00+00:00,122744.21,4167.90157,122719.9,32963.963,0.0001
809,2025-08-14 00:00:00+00:00,123306.43,3915.20787,123323.9,33092.71,0.0001
810,2025-08-14 04:00:00+00:00,123337.14,3481.676316,123405.2,29585.605,0.0001
811,2025-08-14 08:00:00+00:00,121725.31,3755.65744,121742.4,41732.33,0.0001
812,2025-08-14 12:00:00+00:00,120949.67,3456.28874,120947.9,25372.784,0.0001
813,2025-08-14 16:00:00+00:00,118257.25,11617.06761,118185.9,112404.602,0.0001
814,2025-08-14 20:00:00+00:00,117945.92,3545.40524,117889.5,32884.838,0.0001
815,2025-08-15 00:00:00+00:00,118295.09,2124.85224,118242.2,17821.411,1.939e-05
816,2025-08-15 04:00:00+00:00,118968.91,1883.55436,118918.1,14657.063,1.939e-05
817,2025-08-15 08:00:00+00:00,118956.45,1732.90691,118908.3,13276.33,7.99e-05
818,2025-08-15 12:00:00+00:00,119006.01,1129.82607,118950.0,8916.305,7.99e-05
819,2025-08-15 16:00:00+00:00,117275.22,5128.8936,117216.8,48081.547,3.722e-05
820,2025-08-15 20:00:00+00:00,116936.27,2393.46089,116900.0,24658.013,3.722e-05
821,2025-08-16 00:00:00+00:00,117342.05,1354.69691,117279.2,10953.099,8.85e-05
822,2025-08-16 04:00:00+00:00,117429.63,1420.5255,117385.0,10472.387,8.85e-05
823,2025-08-16 08:00:00+00:00,117596.07,925.25596,117549.9,8878.588,8.268e-05
824,2025-08-16 12:00:00+00:00,117378.52,1206.0413,117340.4,8197.037,8.268e-05
825,2025-08-16 16:00:00+00:00,117676.7,1191.50027,117626.9,7789.925,9.023e-05
826,2025-08-16 20:00:00+00:00,117672.12,817.42683,117622.3,4894.852,9.023e-05
827,2025-08-17 00:00:00+00:00,117380.66,832.93131,117329.7,6441.631,8.206e-05
828,2025-08-17 04:00:00+00:00,117684.95,770.53091,117627.4,5731.934,8.206e-05
829,2025-08-17 08:00:00+00:00,118005.98,1109.68335,117949.9,9439.515,4.68e-05
830,2025-08-17 12:00:00+00:00,118308.01,1007.67549,118253.9,9265.939,4.68e-05
831,2025-08-17 16:00:00+00:00,118246.16,974.27271,118191.0,7883.199,1.862e-05
832,2025-08-17 20:00:00+00:00,117570.07,1326.17558,117527.0,15033.475,1.862e-05
833,2025-08-18 00:00:00+00:00,117405.01,710.30388,117353.8,7032.742,2.846e-05
834,2025-08-18 04:00:00+00:00,115319.0,5801.42298,115264.9,46974.544,2.846e-05
835,2025-08-18 08:00:00+00:00,115205.98,3433.42415,115153.2,22828.276,-6.82e-06
836,2025-08-18 12:00:00+00:00,114947.27,2793.98984,114900.0,17981.665,-6.82e-06
837,2025-08-18 16:00:00+00:00,116145.34,2772.17945,116099.4,28586.539,5.296e-05
838,2025-08-18 20:00:00+00:00,116313.99,1731.37273,116273.4,19769.43,5.296e-05
839,2025-08-19 00:00:00+00:00,116227.05,1213.55039,116183.6,11079.325,7.137e-05
840,2025-08-19 04:00:00+00:00,114810.0,2390.89748,114756.6,21808.316,7.137e-05
841,2025-08-19 08:00:00+00:00,114978.14,2499.12321,114928.7,19906.291,6.262e-05
842,2025-08-19 12:00:00+00:00,115508.71,1471.04277,115461.0,11178.156,6.262e-05
843,2025-08-19 16:00:00+00:00,113786.38,5294.46316,113730.0,44225.425,3.167e-05
844,2025-08-19 20:00:00+00:00,113132.48,3784.35052,113078.3,29407.714,3.167e-05
845,2025-08-20 00:00:00+00:00,112872.94,2625.5971,112824.2,14498.385,4.543e-05
846,2025-08-20 04:00:00+00:00,113525.91,3116.70576,113465.4,21619.508,4.543e-05
847,2025-08-20 08:00:00+00:00,113490.13,1367.41482,113436.7,9143.536,1.364e-05
848,2025-08-20 12:00:00+00:00,113666.68,2352.50644,113627.5,15623.162,1.364e-05
849,2025-08-20 16:00:00+00:00,113353.94,4605.43198,113297.0,45124.338,4.936e-05
850,2025-08-20 20:00:00+00:00,114276.66,2624.00614,114216.3,27678.02,4.936e-05
851,2025-08-21 00:00:00+00:00,114271.24,1570.2768,114220.5,11333.806,1.143e-05
852,2025-08-21 04:00:00+00:00,113954.62,1626.72781,113912.1,13829.073,1.143e-05
853,2025-08-21 08:00:00+00:00,113896.03,1612.36321,113836.8,9921.262,7.757e-05
854,2025-08-21 12:00:00+00:00,113148.66,1509.65106,113100.2,12824.8,7.757e-05
855,2025-08-21 16:00:00+00:00,112792.08,2521.11028,112748.9,27324.857,7.414e-05
856,2025-08-21 20:00:00+00:00,112193.71,2468.80417,112152.8,21010.133,7.414e-05
857,2025-08-22 00:00:00+00:00,112500.0,1101.03582,112462.2,11496.231,7.296e-05
858,2025-08-22 04:00:00+00:00,112929.24,1610.19525,112889.9,15818.142,7.296e-05
859,2025-08-22 08:00:00+00:00,113094.83,1656.2572,113040.1,12847.566,0.0001
860,2025-08-22 12:00:00+00:00,112320.0,1932.43574,112272.8,13076.59,0.0001
861,2025-08-22 16:00:00+00:00,116370.75,11505.26127,116319.3,110185.22,5.867e-05
862,2025-08-22 20:00:00+00:00,116655.79,4307.94644,116625.5,35551.395,5.867e-05
863,2025-08-23 00:00:00+00:00,116935.99,2115.99447,116897.5,11969.064,0.0001
864,2025-08-23 04:00:00+00:00,115568.77,2647.58419,115522.5,21833.348,0.0001
865,2025-08-23 08:00:00+00:00,115799.47,2258.18362,115769.9,10604.533,0.0001
866,2025-08-23 12:00:00+00:00,115310.13,1313.89391,115266.7,9759.963,0.0001
867,2025-08-23 16:00:00+00:00,114812.87,3027.56166,114776.5,22697.545,9.711e-05
868,2025-08-23 20:00:00+00:00,115133.91,1105.55067,115104.9,7958.313,9.711e-05
869,2025-08-24 00:00:00+00:00,115438.05,976.58792,115377.1,5565.713,0.0001
870,2025-08-24 04:00:00+00:00,115036.0,1995.92433,115006.5,11855.839,0.0001
871,2025-08-24 08:00:00+00:00,114888.19,1715.6873,114854.8,8290.719,0.0001
872,2025-08-24 12:00:00+00:00,114730.22,2223.47925,114702.0,10131.968,0.0001
873,2025-08-24 16:00:00+00:00,114400.0,2662.01905,114372.6,14203.317,0.0001
874,2025-08-24 20:00:00+00:00,112600.0,8322.01988,112556.4,58915.204,0.0001
875,2025-08-25 00:00:00+00:00,113493.59,4256.85481,113446.3,29990.955,0.0001
876,2025-08-25 04:00:00+00:00,112916.84,2384.9729,112867.7,22365.177,0.0001
877,2025-08-25 08:00:00+00:00,111511.55,4054.02521,111469.7,26547.559,0.0001
878,2025-08-25 12:00:00+00:00,111214.97,4028.25788,111183.7,27037.38,0.0001
879,2025-08-25 16:00:00+00:00,112200.64,4593.3206,112142.2,41669.829,8.344e-05
880,2025-08-25 20:00:00+00:00,110716.13,3109.40411,110650.4,30479.325,8.344e-05
881,2025-08-26 00:00:00+00:00,110111.98,7012.81309,110064.0,56740.515,4.522e-05
882,2025-08-26 04:00:00+00:00,109879.56,4155.39206,109825.0,32739.345,4.522e-05
883,2025-08-26 08:00:00+00:00,110303.2,1910.05232,110244.2,14571.872,3.9e-05
884,2025-08-26 12:00:00+00:00,109876.52,1852.10166,109842.2,13433.107,3.9e-05
885,2025-08-26 16:00:00+00:00,109666.33,4559.68511,109624.6,40914.503,0.0001
886,2025-08-26 20:00:00+00:00,111116.03,3548.51055,111053.5,21525.613,0.0001
887,2025-08-27 00:00:00+00:00,111763.22,2426.69707,111709.9,21856.998,1.802e-05
888,2025-08-27 04:00:00+00:00,111418.15,2172.27313,111373.7,15375.235,1.802e-05
889,2025-08-27 08:00:00+00:00,110725.18,1809.80294,110688.0,11788.597,5.503e-05
890,2025-08-27 12:00:00+00:00,111322.07,1594.26753,111270.8,12812.348,5.503e-05
891,2025-08-27 16:00:00+00:00,112000.0,3310.1006,111965.1,29562.927,3.496e-05
892,2025-08-27 20:00:00+00:00,112080.69,1902.42552,112032.8,18174.547,3.496e-05
893,2025-08-28 00:00:00+00:00,111262.01,2603.73903,111194.9,26491.468,5.297e-05
894,2025-08-28 04:00:00+00:00,112000.01,1203.77782,111954.1,11667.908,5.297e-05
895,2025-08-28 08:00:00+00:00,113114.11,2481.91862,113079.2,23087.347,9.693e-05
896,2025-08-28 12:00:00+00:00,112909.18,1419.04336,112876.5,10509.946,9.693e-05
897,2025-08-28 16:00:00+00:00,112678.53,3088.9335,112633.1,26239.509,7.512e-05
898,2025-08-28 20:00:00+00:00,111901.36,1813.29699,111864.7,17144.949,7.512e-05
899,2025-08-29 00:00:00+00:00,112566.9,1097.30715,112507.3,8980.618,4.261e-05
900,2025-08-29 04:00:00+00:00,111704.23,2123.00621,111648.6,17249.864,4.261e-05
901,2025-08-29 08:00:00+00:00,110019.38,4260.9718,109969.0,25126.998,5.856e-05
902,2025-08-29 12:00:00+00:00,110098.81,2848.31026,110047.8,23367.603,5.856e-05
903,2025-08-29 16:00:00+00:00,108386.23,7729.2804,108334.4,70997.82,6.44e-06
904,2025-08-29 20:00:00+00:00,108212.01,2605.64538,108155.5,21364.211,6.44e-06
905,2025-08-30 00:00:00+00:00,108377.4,3013.0964,108332.4,21618.676,7.523e-05
906,2025-08-30 04:00:00+00:00,108436.2,3244.13736,108367.9,16398.309,7.523e-05
907,2025-08-30 08:00:00+00:00,108524.26,3052.32523,108466.6,11466.765,7.979e-05
908,2025-08-30 12:00:00+00:00,108680.01,1416.9539,108638.6,9160.751,7.979e-05
909,2025-08-30 16:00:00+00:00,108869.98,1540.53972,108809.8,13394.47,8.042e-05
910,2025-08-30 20:00:00+00:00,108828.33,677.58629,108769.4,5467.675,8.042e-05
911,2025-08-31 00:00:00+00:00,108816.33,776.84909,108757.9,4768.913,-1.232e-05
912,2025-08-31 04:00:00+00:00,109223.84,1756.83146,109175.4,13765.096,-1.232e-05
913,2025-08-31 08:00:00+00:00,108708.26,1177.25929,108656.9,9506.115,4.749e-05
914,2025-08-31 12:00:00+00:00,108389.76,1590.89462,108350.0,12792.96,4.749e-05
915,2025-08-31 16:00:00+00:00,108818.69,2441.88905,108758.2,10880.915,0.0001
916,2025-08-31 20:00:00+00:00,108930.0,1232.50315,108877.2,10481.101,0.0001
917,2025-09-01 00:00:00+00:00,108246.35,1290.13839,108208.4,12723.359,0.0001
